time,price
0,33688.35
1,34654.58
2,31594.63
3,32275.19
4,34709.23
5,34493.22
6,35904.28
7,35060.0
8,33516.11
9,33805.02
10,34682.16
11,35284.05
12,33697.78
13,34225.73
14,33878.56
15,32875.95
16,33824.26
17,33515.35
18,34259.23
19,33091.1
20,32734.14
21,32816.39
22,31868.68
23,31388.06
24,31533.91
25,31788.25
26,30842.03
27,29796.16
28,32135.19
29,32287.74
30,33647.26
31,34283.01
32,35428.26
33,37262.77
34,39470.48
35,40035.1
36,40039.44
37,42237.95
38,41495.01
39,39865.41
40,39149.59
41,38191.44
42,39722.41
43,40888.74
44,42869.58
45,44637.34
46,43829.14
47,46285.48
48,45595.66
49,45553.49
50,44422.14
51,47833.64
52,47109.65
53,47014.49
54,45902.46
55,44671.58
56,44707.98
57,46765.87
58,49342.4
59,48867.02
60,49284.63
61,49506.5
62,47682.45
63,48987.33
64,46851.47
65,49077.57
66,48942.94
67,48802.58
68,46993.71
69,47112.5
70,48839.86
71,49279.37
72,50025.0
73,49942.98
74,51789.17
75,52698.81
76,46894.5
77,46060.36
78,46400.0
79,44851.45
80,45171.83
81,46024.23
82,44947.72
83,47127.22
84,48148.12
85,47753.16
86,47303.5
87,48314.56
88,47255.92
89,43012.97
90,40719.6
91,43575.1
92,44897.59
93,42848.92
94,42705.51
95,43178.02
96,42171.76
97,41026.07
98,41522.16
99,43824.43
100,48165.76
101,47657.69
102,48233.99
103,49245.54
104,51493.99
105,55339.48
106,53797.82
107,53963.82
108,54962.29
109,54690.53
110,57487.44
111,56005.1
112,57367.32
113,57359.51
114,61695.39
115,60877.42
116,61527.11
117,62042.41
118,64303.14
119,66026.54
120,62204.02
121,60687.64
122,61300.01
123,60854.48
124,63083.54
125,60337.62
126,58455.47
127,60591.65
128,62276.72
129,61892.41
130,61343.68
131,60949.54
132,63266.51
133,62935.41
134,61444.5
135,61006.15
136,61539.31
137,63309.13
138,67554.84
139,66944.66
140,64912.2
141,64807.59
142,64147.9
143,64400.01
144,65505.02
145,63624.59
146,60107.98
147,60351.51
148,56898.0
149,58122.16
150,59760.76
151,58671.21
152,56280.81
153,57566.85
154,57162.66
155,58987.27
156,53757.67
157,54759.05
158,57317.17
159,57838.06
160,56987.97
161,57226.5
162,56521.46
163,53638.04
164,49241.12
165,49484.22
166,50529.56
167,50625.48
168,50519.68
169,47568.43
170,47170.94
171,49407.75
172,50089.64
173,46727.89
174,48367.43
175,48884.78
176,47634.22
177,46166.5
178,46859.46
179,46687.19
180,46926.07
181,48914.7
182,48608.62
183,50842.2
184,50851.38
185,50428.31
186,50801.79
187,50717.77
188,47543.09
189,46471.24
190,47122.08
191,46211.24
192,47733.43
193,47299.07
194,46459.56
195,45814.61
196,43436.04
197,43083.76
198,41565.18
199,41684.84
200,41876.52
201,41824.07
202,42753.44
203,43920.37
204,42581.65
205,43090.72
206,43098.2
207,43104.34
208,42218.01
209,42369.74
210,41674.27
211,40670.97
212,36456.94
213,35066.43
214,36282.47
215,36693.32
216,36980.0
217,36840.63
218,37188.37
219,37741.9
220,38191.1
221,37901.35
222,38491.93
223,38716.88
224,36923.39
225,37329.91
226,41614.64
227,41404.85
228,42415.16
229,43868.07
230,44085.59
231,44416.35
232,43527.71
233,42386.47
234,42244.97
235,42074.99
236,42548.71
237,44583.52
238,43895.56
239,40536.73
240,39983.56
241,40101.94
242,38389.03
243,37023.0
244,38251.48
245,37268.19
246,38347.3
247,39238.48
248,39137.8
249,37717.08
250,43192.66
251,44439.95
252,43912.34
253,42464.41
254,39166.51
255,39402.43
256,38408.38
257,37994.0
258,38749.38
259,41953.97
260,39433.71
261,38732.04
262,38813.02
263,37793.01
264,39674.17
265,39298.1
266,41127.97
267,40950.33
268,41774.98
269,42232.26
270,41287.24
271,41017.71
272,42378.26
273,42899.71
274,44012.29
275,44331.85
276,44539.42
277,46850.01
278,47144.92
279,47454.19
280,47078.03
281,45528.45
282,46296.34
283,45826.27
284,46422.16
285,46596.83
286,45506.5
287,43166.7
288,43452.18
289,42262.02
290,42766.93
291,42165.96
292,39535.87
293,40086.23
294,41146.68
295,39954.08
296,40554.58
297,40387.6
298,39683.54
299,40803.58
300,41503.85
301,41377.61
302,40480.81
303,39712.25
304,39465.87
305,39464.56
306,40439.22
307,38113.82
308,39251.11
309,39743.22
310,38593.1
311,37644.1
312,38473.05
313,38510.89
314,37719.59
315,39669.56
316,36537.22
317,35999.1
318,35458.0
319,34027.91
320,30078.27
321,31002.39
322,28972.34
323,28941.95
324,29232.18
325,30041.88
326,31290.05
327,29839.89
328,30412.12
329,28672.94
330,30274.59
331,29155.75
332,29408.26
333,30260.87
334,29082.52
335,29626.44
336,29503.49
337,29166.06
338,28598.31
339,29008.99
340,29447.07
341,31711.42
342,31784.05
343,29788.79
344,30433.75
345,29670.85
346,29843.18
347,29901.54
348,31343.61
349,31106.9
350,30177.0
351,30079.62
352,29063.11
353,28388.63
354,26555.2
355,22460.97
356,22120.25
357,22562.33
358,20372.0
359,20447.86
360,18948.89
361,20552.44
362,20549.75
363,20696.96
364,19968.46
365,21104.45
366,21223.72
367,21478.04
368,21027.92
369,20725.17
370,20252.89
371,20094.79
372,19985.62
373,19252.76
374,19224.03
375,19291.33
376,20211.35
377,20153.51
378,20542.67
379,21614.6
380,21582.2
381,21583.99
382,20850.65
383,19942.43
384,19303.65
385,20220.23
386,20577.02
387,20827.55
388,21189.68
389,20791.74
390,22427.56
391,23395.06
392,23226.99
393,23153.96
394,22687.68
395,22450.69
396,22583.43
397,21313.41
398,21261.57
399,22962.59
400,23851.7
401,23784.5
402,23650.13
403,23307.44
404,23273.86
405,22989.4
406,22825.0
407,22623.94
408,23320.81
409,22960.93
410,23177.39
411,23815.65
412,23158.27
413,23962.18
414,23944.86
415,24415.18
416,24456.49
417,24316.71
418,24097.82
419,23857.93
420,23341.17
421,23189.46
422,20834.94
423,21139.23
424,21518.62
425,21398.25
426,21528.34
427,21367.12
428,21561.86
429,20240.72
430,20036.69
431,19554.03
432,20286.97
433,19813.17
434,20048.26
435,20133.65
436,19953.74
437,19835.47
438,20004.73
439,19794.58
440,18790.91
441,19293.52
442,19321.87
443,21364.5
444,21651.52
445,21831.72
446,22402.71
447,20174.78
448,20227.77
449,19703.67
450,19801.04
451,20113.37
452,19417.64
453,19540.38
454,18876.91
455,18462.64
456,19401.25
457,19286.01
458,18923.2
459,18808.61
460,19228.0
461,19077.57
462,19412.07
463,19595.57
464,19426.11
465,19315.27
466,19059.17
467,19633.46
468,20345.19
469,20161.62
470,19965.64
471,19533.05
472,19419.39
473,19443.47
474,19132.83
475,19058.11
476,19155.92
477,19378.65
478,19178.0
479,19070.24
480,19264.44
481,19550.4
482,19328.76
483,19124.18
484,19042.48
485,19166.45
486,19209.1
487,19572.44
488,19330.41
489,20086.28
490,20775.4
491,20296.97
492,20597.91
493,20823.53
494,20630.68
495,20489.94
496,20479.63
497,20151.4
498,20206.88
499,21144.2
500,21300.45
501,20909.17
502,20593.49
503,18550.25
504,15891.96
505,17553.89
506,17013.62
507,16783.33
508,16301.39
509,16590.73
510,16877.93
511,16645.24
512,16680.47
513,16680.59
514,16683.02
515,16252.53
516,15760.14
517,16199.71
518,16587.0
519,16587.61
520,16510.9
521,16450.93
522,16419.88
523,16206.3
524,16438.0
525,17167.33
526,16980.08
527,17094.71
528,16888.53
529,17108.9
530,16966.05
531,17089.05
532,16840.0
533,17226.01
534,17130.59
535,17128.1
536,17085.21
537,17211.66
538,17773.18
539,17804.97
540,17357.96
541,16632.64
542,16782.25
543,16741.16
544,16439.74
545,16897.65
546,16826.56
547,16815.51
548,16777.21
549,16837.12
550,16829.02
551,16917.96
552,16698.73
553,16539.66
554,16627.54
555,16600.1
556,16530.35
557,16611.58
558,16666.95
559,16669.47
560,16844.42
561,16825.69
562,16948.06
563,16942.37
564,17125.18
565,17177.98
566,17443.5
567,17944.27
568,18847.75
569,19934.88
570,20957.02
571,20879.7
572,21187.5
573,21136.33
574,20674.29
575,21084.22
576,22669.81
577,22789.37
578,22714.87
579,22920.29
580,22636.17
581,23062.36
582,23010.47
583,23084.4
584,23028.95
585,23745.8
586,22836.03
587,23128.86
588,23735.97
589,23493.84
590,23433.54
591,23328.87
592,22936.34
593,22764.07
594,23244.67
595,22964.38
596,21800.63
597,21628.97
598,21863.73
599,21789.8
600,21789.14
601,22206.27
602,24329.04
603,23516.15
604,24577.6
605,24636.23
606,24281.31
607,24844.97
608,24454.43
609,24184.44
610,23943.32
611,23186.88
612,23159.71
613,23556.83
614,23489.52
615,23145.32
616,23631.52
617,23468.24
618,22358.18
619,22350.95
620,22432.69
621,22410.31
622,22198.48
623,21698.37
624,20367.01
625,20230.08
626,20620.54
627,22219.08
628,24220.0
629,24762.65
630,24377.16
631,25051.85
632,27453.62
633,26980.35
634,28054.46
635,27823.32
636,28207.33
637,27325.15
638,28352.94
639,27489.24
640,27488.18
641,27992.9
642,27142.87
643,27274.15
644,28359.54
645,28035.48
646,28474.4
647,28471.46
648,28188.34
649,27811.77
650,28179.64
651,28175.37
652,28053.46
653,27931.94
654,27958.81
655,28340.99
656,29660.41
657,30227.19
658,29912.2
659,30406.78
660,30492.92
661,30324.11
662,30326.09
663,29449.91
664,30393.4
665,28809.72
666,28248.18
667,27253.85
668,27821.41
669,27592.98
670,27515.05
671,28304.42
672,28426.08
673,29483.72
674,29338.63
675,29249.35
676,29247.14
677,28077.27
678,28684.4
679,29038.75
680,28857.23
681,29536.76
682,28902.66
683,28474.53
684,27695.06
685,27647.29
686,27624.01
687,26986.56
688,26808.84
689,26789.48
690,26929.98
691,27171.13
692,27037.68
693,27407.77
694,26820.49
695,26890.27
696,27113.61
697,26752.65
698,26854.73
699,27223.22
700,26321.4
701,26479.06
702,26714.86
703,26867.99
704,28070.04
705,27744.82
706,27700.15
707,27223.08
708,26828.42
709,27250.69
710,27077.6
711,27122.04
712,25741.5
713,27243.63
714,26346.41
715,26508.32
716,26482.81
717,25856.1
718,25937.02
719,25905.82
720,25930.23
721,25123.34
722,25569.99
723,26329.6
724,26506.56
725,26336.46
726,26837.78
727,28320.43
728,29995.08
729,29886.31
730,30707.61
731,30547.18
732,30480.24
733,30272.18
734,30697.38
735,30074.94
736,30446.47
737,30466.72
738,30587.21
739,30613.51
740,31161.8
741,30771.25
742,30499.27
743,29899.38
744,30352.08
745,30291.69
746,30168.38
747,30419.89
748,30626.55
749,30381.81
750,31471.83
751,30330.52
752,30301.65
753,30247.64
754,30143.08
755,29861.93
756,29916.72
757,29809.13
758,29907.98
759,29795.03
760,30081.61
761,29176.98
762,29225.14
763,29353.23
764,29214.92
765,29316.15
766,29355.71
767,29281.39
768,29230.67
769,29697.27
770,29164.22
771,29174.18
772,29076.48
773,29047.12
774,29040.01
775,29179.21
776,29770.01
777,29562.76
778,29424.03
779,29400.45
780,29416.96
781,29275.94
782,29405.49
783,29170.14
784,28700.51
785,26627.57
786,26048.89
787,26096.42
788,26189.14
789,26125.18
790,26042.11
791,26427.54
792,26163.49
793,26049.39
794,26009.61
795,26091.16
796,26101.04
797,27717.98
798,27306.06
799,25932.45
800,25794.88
801,25867.83
802,25969.83
803,25816.13
804,25783.91
805,25747.63
806,26276.3
807,25906.34
808,25897.82
809,25831.76
810,25152.14
811,25840.61
812,26226.65
813,26532.76
814,26602.42
815,26569.69
816,26530.95
817,26764.49
818,27216.13
819,27123.94
820,26564.54
821,26578.4
822,26579.6
823,26250.24
824,26296.08
825,26208.44
826,26357.62
827,27027.14
828,26907.0
829,26961.0
830,27995.46
831,27504.04
832,27428.96
833,27786.75
834,27412.96
835,27945.17
836,27976.43
837,27933.55
838,27596.67
839,27393.29
840,26869.19
841,26750.51
842,26863.53
843,26851.71
844,27186.13
845,28520.24
846,28408.83
847,28326.51
848,28735.34
849,29684.73
850,29924.84
851,30004.15
852,33087.58
853,33922.52
854,34506.35
855,34154.71
856,33906.09
857,34085.42
858,34534.48
859,34493.79
860,34656.4
861,35440.1
862,34950.0
863,34731.27
864,35087.01
865,35035.42
866,35059.46
867,35416.28
868,35639.13
869,36706.59
870,37324.83
871,37139.12
872,37086.03
873,36475.67
874,35554.09
875,37885.35
876,36161.15
877,36630.38
878,36594.89
879,37391.19
880,37475.64
881,35751.89
882,37424.31
883,37304.05
884,37745.84
885,37805.99
886,37462.79
887,37241.63
888,37838.26
889,37863.84
890,37732.27
891,38703.54
892,39478.95
893,39984.81
894,41987.24
895,44084.39
896,43764.05
897,43280.95
898,44192.87
899,43723.25
900,43793.68
901,41229.61
902,41477.39
903,42885.54
904,43027.77
905,41933.89
906,42237.29
907,41349.59
908,42650.01
909,42266.22
910,43674.77
911,43875.32
912,44013.73
913,43726.35
914,43025.03
915,43589.67
916,42515.53
917,43474.4
918,42581.23
919,42063.45
920,42141.03
921,42288.06
922,44220.78
923,44972.8
924,42862.44
925,44193.29
926,44186.59
927,43992.44
928,43950.28
929,46995.1
930,46124.08
931,46666.11
932,46342.66
933,42773.03
934,42839.33
935,41697.33
936,42490.16
937,43130.45
938,42739.49
939,41293.5
940,41624.07
941,41666.67
942,41554.05
943,39524.27
944,39878.3
945,40077.78
946,39941.66
947,41814.8
948,42126.55
949,42034.59
950,43306.18
951,42942.78
952,42548.08
953,43078.81
954,43181.66
955,43010.67
956,42568.55
957,42657.67
958,43095.79
959,44343.61
960,45305.2
961,47160.41
962,47767.06
963,48316.3
964,49941.81
965,49725.36
966,51858.59
967,51934.29
968,52162.64
969,51666.22
970,52153.63
971,51787.05
972,52277.52
973,51851.67
974,51258.7
975,50747.05
976,51570.65
977,51731.0
978,54533.48
979,57077.07
980,62518.9
981,61179.03
982,62436.72
983,62045.78
984,63154.49
985,68360.14
986,63800.78
987,66122.28
988,66938.21
989,68289.16
990,68480.0
991,69032.12
992,72110.98
993,71475.93
994,73135.04
995,71364.58
996,69506.88
997,65254.22
998,68343.64
999,67613.04
1000,61906.27
1001,67858.8
1002,65484.7
1003,63814.56
1004,63998.86
1005,67204.93
1006,69890.28
1007,69992.4
1008,69435.96
1009,70801.18
1010,69903.75
1011,69626.87
1012,71288.9
1013,69681.82
1014,65464.14
1015,65987.92
1016,68525.23
1017,67856.51
1018,68919.89
1019,69350.34
1020,71622.53
1021,69117.01
1022,70634.04
1023,70020.73
1024,67148.61
1025,64024.77
1026,65777.05
1027,63452.18
1028,63814.94
1029,61279.36
1030,63513.85
1031,63848.37
1032,64968.87
1033,64952.92
1034,66859.17
1035,66414.16
1036,64255.78
1037,64484.44
1038,63742.39
1039,63422.0
1040,63108.94
1041,63844.85
1042,60622.1
1043,58265.59
1044,59071.89
1045,62913.03
1046,63902.88
1047,64023.45
1048,63162.24
1049,62315.76
1050,61169.53
1051,63073.57
1052,60787.47
1053,60814.63
1054,61453.02
1055,62932.37
1056,61539.84
1057,66244.69
1058,65252.18
1059,67046.33
1060,66923.87
1061,66261.62
1062,71432.17
1063,70142.84
1064,69109.93
1065,67940.45
1066,68547.8
1067,69289.67
1068,68473.72
1069,69368.72
1070,68321.98
1071,67569.45
1072,68338.58
1073,67472.41
1074,67719.29
1075,67735.52
1076,68791.0
1077,70542.32
1078,71121.11
1079,70773.64
1080,69324.53
1081,69304.05
1082,69637.87
1083,69497.73
1084,67316.53
1085,68248.6
1086,66738.85
1087,66004.39
1088,66192.0
1089,66628.75
1090,66481.81
1091,65152.8
1092,64943.79
1093,64840.88
1094,64120.28
1095,64235.01
1096,63171.43
1097,60263.0
1098,61789.71
1099,60816.68
1100,61615.39
1101,60313.35
1102,60885.67
1103,62668.26
1104,62830.13
1105,62040.22
1106,60145.01
1107,57042.14
1108,56639.43
1109,58244.75
1110,55854.09
1111,56699.43
1112,58047.86
1113,57712.59
1114,57340.77
1115,57909.03
1116,59224.58
1117,60808.42
1118,64757.16
1119,65088.99
1120,64085.81
1121,63982.86
1122,66707.61
1123,67163.83
1124,68181.28
1125,67558.22
1126,65939.24
1127,65366.4
1128,65795.42
1129,67924.08
1130,67899.41
1131,68244.3
1132,66771.45
1133,66169.68
1134,64609.62
1135,65288.18
1136,61418.06
1137,60674.93
1138,58130.95
1139,54029.12
1140,56048.08
1141,55148.1
1142,61705.58
1143,60862.13
1144,60935.02
1145,58722.49
1146,59358.78
1147,60603.19
1148,58690.62
1149,57543.61
1150,58888.99
1151,59497.49
1152,58437.9
1153,59452.67
1154,59017.59
1155,61163.28
1156,60383.29
1157,64086.72
1158,64179.63
1159,64251.93
1160,62840.0
1161,59439.64
1162,59045.88
1163,59364.47
1164,59112.77
1165,58968.37
1166,57299.0
1167,59139.83
1168,57468.84
1169,57971.0
1170,56156.82
1171,53950.01
1172,54156.33
1173,54881.11
1174,57053.9
1175,57645.59
1176,57352.79
1177,58137.54
1178,60543.35
1179,60012.35
1180,59122.33
1181,58208.75
1182,60312.6
1183,61769.18
1184,62960.14
1185,63210.69
1186,63362.74
1187,63577.66
1188,63338.87
1189,64272.93
1190,63130.89
1191,65177.21
1192,65789.0
1193,65858.99
1194,65600.01
1195,63301.25
1196,60790.0
1197,60631.37
1198,60744.99
1199,62090.71
1200,62051.29
1201,62810.86
1202,62200.28
1203,62122.02
1204,60578.28
1205,60279.53
1206,62518.75
1207,63187.47
1208,62845.3
1209,66065.65
1210,67056.6
1211,67608.44
1212,67402.33
1213,68426.11
1214,68363.73
1215,69014.86
1216,67346.15
1217,67380.08
1218,66601.11
1219,68156.84
1220,66564.51
1221,67012.56
1222,67943.19
1223,69924.5
1224,72724.35
1225,72322.91
1226,70197.83
1227,69467.29
1228,69358.94
1229,68738.18
1230,67807.48
1231,69380.73
1232,75646.55
1233,75920.0
1234,76566.73
1235,76716.06
1236,80428.92
1237,88770.73
1238,88035.43
1239,90493.82
1240,87340.4
1241,91058.36
1242,90636.24
1243,89886.69
1244,90520.3
1245,92435.89
1246,94393.15
1247,98439.09
1248,99024.03
1249,97778.77
1250,98028.18
1251,93000.01
1252,91929.54
1253,95951.19
1254,95665.53
1255,97490.56
1256,96465.42
1257,97263.18
1258,95862.89
1259,95924.52
1260,98746.24
1261,97044.23
1262,99891.35
1263,99929.32
1264,101174.99
1265,97324.81
1266,96660.76
1267,101202.11
1268,100030.47
1269,101428.75
1270,101399.99
1271,104447.76
1272,106099.81
1273,106136.99
1274,100150.73
1275,97372.21
1276,97765.0
1277,97230.08
1278,95087.75
1279,94764.56
1280,98594.47
1281,99346.28
1282,95669.49
1283,94171.89
1284,95130.82
1285,93563.35
1286,92620.71
1287,93354.22
1288,94383.59
1289,96903.19
1290,98136.51
1291,98209.85
1292,98345.33
1293,102279.41
1294,96941.98
1295,95036.63
1296,92547.44
1297,94701.18
1298,94565.02
1299,94509.62
1300,94506.45
1301,96534.96
1302,100510.23
1303,99981.78
1304,104107.0
1305,104435.0
1306,101211.13
1307,102145.43
1308,106159.26
1309,103667.11
1310,103926.36
1311,104850.27
1312,104733.56
1313,102563.0
1314,102062.42
1315,101290.0
1316,103747.25
1317,104742.64
1318,102411.26
1319,100623.85
1320,97676.52
1321,101460.2
1322,97795.05
1323,96638.33
1324,96564.62
1325,96537.08
1326,96476.25
1327,96475.82
1328,97444.41
1329,95774.08
1330,97862.53
1331,96625.29
1332,97509.03
1333,97596.94
1334,96119.88
1335,95781.8
1336,95607.4
1337,96632.03
1338,98347.2
1339,96157.03
1340,96582.12
1341,96265.98
1342,91510.82
1343,88583.74
1344,84111.78
1345,84625.19
1346,84297.73
1347,86018.76
1348,94265.48
1349,86161.1
1350,87249.96
1351,90603.73
1352,89921.85
1353,86756.98
1354,86206.69
1355,80699.17
1356,78544.71
1357,82914.51
1358,83659.43
1359,81073.43
1360,83980.49
1361,84351.46
1362,82562.57
1363,84011.4
1364,82698.76
1365,86877.96
1366,84183.42
1367,84061.96
1368,83852.03
1369,86092.94
1370,87523.62
1371,87427.88
1372,86926.01
1373,87217.48
1374,84381.8
1375,82616.83
1376,82379.98
1377,82534.32
1378,85170.37
1379,82490.08
1380,83174.33
1381,83860.16
1382,83498.25
1383,78370.75
1384,79140.01
1385,76251.64
1386,82594.75
1387,79552.34
1388,83380.47
1389,85271.01
1390,83733.07
1391,84590.36
1392,83629.78
1393,84028.72
1394,84961.97
1395,84466.47
1396,85074.99
1397,85177.34
1398,87522.07
1399,93489.1
1400,93740.92
1401,94021.96
1402,94708.79
1403,94666.64
1404,93780.57
1405,95042.57
1406,94271.09
1407,94182.54
1408,96524.98
1409,96929.81
1410,95861.33
1411,94272.55
1412,94733.99
1413,96839.17
1414,97058.32
1415,103253.49
1416,102986.96
1417,104821.19
1418,104137.62
1419,102800.21
1420,104131.06
1421,103545.38
1422,103786.43
1423,103500.03
1424,103161.07
1425,106473.46
1426,105616.18
1427,106883.24
1428,109699.54
1429,111722.53
1430,107329.61
1431,107794.01
1432,109048.68
1433,109464.32
1434,108978.46
1435,107819.29
1436,105572.58
1437,104033.26
1438,104645.87
1439,105697.94
1440,105904.94
1441,105447.82
1442,104753.38
1443,101570.2
1444,104397.99
1445,105619.02
1446,105784.4
1447,110301.15
1448,110300.24
1449,108669.37
1450,105721.05
1451,106118.7
1452,105465.42
1453,105599.25
1454,106853.38
1455,104590.44
1456,104915.6
1457,104671.9
1458,103317.8
1459,102160.03
1460,100996.87
1461,105419.39
1462,106141.0
1463,107400.22
1464,107029.64
1465,107113.38
1466,107352.2
1467,108386.44
1468,107173.21
1469,105711.78
1470,108888.32
1471,109628.83
1472,108028.6
1473,108246.65
1474,109217.98
1475,108269.84
1476,108958.04
1477,111282.85
1478,116031.3
1479,117582.16
1480,117472.65
1481,119130.81
1482,119863.71
1483,117781.64
1484,118681.68
1485,119273.69
1486,118023.05
1487,117914.17
1488,117312.7
1489,117428.79
1490,120026.42
1491,118810.44
1492,118397.04
1493,117633.27
1494,117969.63
1495,119465.52
1496,118070.59
1497,117933.39
1498,117830.15
1499,115761.13
1500,113248.73
1501,112542.74
1502,114215.73
1503,115051.85
1504,114112.95
1505,115028.83
1506,117515.49
1507,116683.79
1508,116492.51
1509,119309.37
1510,118701.84
1511,120113.18
1512,123365.63
1513,118389.79
1514,117436.96
1515,117455.68
1516,117488.6
1517,116286.76
1518,112856.19
1519,114276.0
1520,112480.3
1521,116908.68
1522,115383.87
1523,113478.0
1524,110127.74
1525,111788.01
1526,111253.21
1527,112574.85
1528,108378.32
1529,108827.93
1530,108247.95
1531,109240.55
1532,111247.94
1533,111756.41
1534,110720.79
1535,110670.02
1536,110212.6
1537,111129.61
1538,112072.57
1539,111549.32
1540,113983.97
1541,115540.0
1542,116106.03
1543,115968.35
1544,115314.13
1545,115381.08
1546,116832.56
1547,116484.4
1548,117117.99
1549,115690.55
1550,115752.4
1551,115282.27
1552,112736.59
1553,112017.21
1554,113348.17
1555,109035.72
1556,109697.29
1557,109681.16
1558,112197.67
1559,114365.07
1560,114067.71
1561,118659.97
1562,120621.32
1563,122318.4
1564,122458.56
1565,123520.79
1566,124720.09
1567,121393.95
1568,123343.25
1569,121714.51
1570,112980.28
1571,110768.89
1572,115067.98
1573,115274.03
1574,113068.0
1575,110804.12
1576,108198.0
1577,106463.3
1578,107208.91
1579,108676.78
1580,110568.06
1581,108362.27
1582,107585.98
1583,110116.03
1584,111042.13
1585,111666.21
1586,114548.09
1587,114087.06
1588,112906.75
1589,110032.13
1590,108308.18
1591,109555.27
1592,110052.25
1593,110536.01
1594,106557.98
1595,101468.15
1596,103869.0
1597,101290.5
1598,103284.27
1599,102285.57
1600,104694.95
1601,105979.38
1602,103009.35
1603,101639.01
1604,99614.54
1605,94503.96
1606,95544.94
1607,94183.97
1608,92100.6
1609,92914.46
1610,91461.6
1611,86536.88
1612,85068.88
1613,84684.0
1614,86808.28
1615,88266.2
1616,87325.01
1617,90468.84
1618,91316.7
1619,90902.7
1620,90828.06
1621,90369.51
1622,86282.36
1623,91308.05
1624,93453.84
1625,92093.54
1626,89345.29
1627,89267.97
1628,90402.29
1629,90653.86
1630,92690.0
1631,92035.99
1632,92542.0
1633,90278.0
1634,90255.32
1635,88171.61
1636,86417.5
1637,87854.01
1638,86209.77
1639,85460.02
1640,88092.65
1641,88324.0
1642,88639.95
1643,88556.77
1644,87429.32
1645,87609.03
1646,87171.68
1647,87296.01
1648,87808.0
1649,87877.29
1650,87110.78
1651,88397.5
1652,87497.94
1653,88738.34
1654,89957.99
1655,90598.02
1656,91494.0
1657,93870.06
1658,93722.01
1659,91279.73
1660,91026.0
1661,90515.45
1662,90385.54
1663,90872.01
1664,91188.09
1665,95384.23
1666,96955.16
1667,95587.65
1668,95504.0
1669,95109.99
1670,93633.53
1671,92559.66
1672,88310.6
1673,89363.71
1674,89463.5
1675,89474.93
1676,89082.17
1677,86561.94
1678,88250.01
1679,89116.96
1680,89162.4
1681,84513.2
1682,84110.99
1683,78648.0
1684,76895.53
1685,78666.85
1686,75661.49
1687,72998.0
1688,62791.0
1689,70527.7
1690,69244.74
1691,70279.33
1692,70101.99
1693,68803.65
1694,67024.93
1695,66208.0
1696,68812.0
1697,69786.96
1698,68792.0
1699,68858.13
1700,67466.7
1701,66419.79
1702,66972.5
1703,67984.42
1704,67955.78
1705,67617.98
1706,64625.78
1707,64068.33
1708,67992.68
1709,67490.51
1710,65859.94
1711,66967.85
1712,65769.0
1713,68832.01
1714,68335.99
1715,72683.26
1716,70887.6
1717,68108.24
1718,67259.62
1719,65970.56
1720,68432.17
1721,69960.83
1722,70208.0
1723,70531.56
1724,70944.33
1725,71232.02
1726,72830.01
1727,74886.47
1728,73934.11
1729,71245.02
1730,69918.3
1731,70497.01
1732,68912.02
1733,67844.94
1734,70874.23
1735,70533.49
1736,71301.53
1737,68769.02
1738,66353.34
1739,66320.15
1740,65956.94
1741,66737.18
1742,68221.85
1743,68112.35
1744,66894.48
1745,66959.99
1746,67291.73
1747,69005.0
1748,68853.61
1749,71910.2
1750,71085.99
1751,71798.01
1752,72997.88
1753,73086.0
1754,70755.35
1755,74446.0
1756,74179.04
1757,74836.31
1758,75163.09
1759,77098.01
1760,75736.82
1761,73823.14
1762,75864.86
1763,76348.58
1764,78208.52
1765,78281.32
1766,77461.8
1767,77650.72
1768,78673.83
1769,77364.42
1770,76317.99
1771,75752.88
1772,76305.78
1773,78234.05
1774,78682.31
1775,78558.89
1776,79852.37
1777,80907.72
1778,81438.1
1779,80005.38
1780,80188.82
1781,80655.96
1782,82199.99
1783,81727.06
1784,80484.72
1785,79288.26
1786,81079.39
1787,79058.51
1788,78105.45
1789,77407.59
1790,76943.98
1791,76767.48
1792,77475.99
1793,77547.62
1794,75443.91
1795,76650.0
1796,76975.99
1797,77249.07
1798,75826.1
1799,75686.34
