time,price
0,102.78697204589844
1,101.4128189086914
2,99.65833282470703
3,100.88561248779297
4,102.59683990478516
5,101.61156463623047
6,101.27449035644531
7,101.35230255126953
8,100.94610595703125
9,99.24352264404297
10,100.85967254638672
11,100.4361801147461
12,100.11641693115234
13,102.15604400634766
14,102.08692169189453
15,103.07217407226562
16,102.57954406738281
17,100.85103607177734
18,102.24250030517578
19,99.9953842163086
20,100.91153717041016
21,102.71783447265625
22,102.33757781982422
23,103.65990447998047
24,103.54753875732422
25,102.72647857666016
26,103.38331604003906
27,103.23640441894531
28,104.41178131103516
29,105.03409576416016
30,105.36249542236328
31,105.47482299804688
32,105.4834976196289
33,105.76871490478516
34,105.87242126464844
35,106.01066589355469
36,106.1316909790039
37,106.52061462402344
38,105.94153594970703
39,106.71073913574219
40,106.07982635498047
41,105.75140380859375
42,106.06253051757812
43,104.72293853759766
44,105.18101501464844
45,103.97102355957031
46,104.6105728149414
47,106.34774017333984
48,105.96746826171875
49,106.58975982666016
50,106.87493133544922
51,107.73057556152344
52,107.93803405761719
53,108.88868713378906
54,108.79363250732422
55,108.76769256591797
56,106.16960144042969
57,106.0395278930664
58,106.71573638916016
59,108.16344451904297
60,107.81670379638672
61,107.86003112792969
62,108.05944061279297
63,108.53621673583984
64,107.84272766113281
65,108.77030181884766
66,108.38017272949219
67,108.90033721923828
68,108.96968078613281
69,108.94366455078125
70,109.70658874511719
71,109.64586639404297
72,107.86869812011719
73,108.9262924194336
74,108.81365203857422
75,108.97832489013672
76,109.47249603271484
77,109.10839080810547
78,107.90339660644531
79,108.50155639648438
80,107.32256317138672
81,105.0512924194336
82,105.7361831665039
83,106.11759185791016
84,104.76520538330078
85,105.12928009033203
86,105.528076171875
87,106.31697082519531
88,106.37764739990234
89,106.1869125366211
90,106.1869125366211
91,107.31389617919922
92,107.19254302978516
93,108.40618896484375
94,108.2588119506836
95,108.45819091796875
96,108.33685302734375
97,107.86869812011719
98,106.83710479736328
99,108.1461181640625
100,108.05076599121094
101,107.40058135986328
102,107.7386703491211
103,107.94674682617188
104,109.02169036865234
105,107.92938232421875
106,108.7096176147461
107,108.20680236816406
108,107.87738800048828
109,109.22108459472656
110,109.49848937988281
111,109.16909790039062
112,108.82231140136719
113,109.59386444091797
114,109.42914581298828
115,110.8941879272461
116,110.84219360351562
117,111.60506439208984
118,111.83912658691406
119,110.8941879272461
120,110.83354187011719
121,110.53010559082031
122,107.7386703491211
123,108.24147033691406
124,108.56221771240234
125,107.76043701171875
126,107.7256088256836
127,107.84747314453125
128,106.20207977294922
129,106.58515930175781
130,108.06512451171875
131,109.28395080566406
132,109.89335632324219
133,109.31007385253906
134,109.96300506591797
135,109.48418426513672
136,108.89220428466797
137,108.37854766845703
138,108.77901458740234
139,107.57762908935547
140,105.84515380859375
141,104.96588897705078
142,105.86258697509766
143,106.15856170654297
144,106.46326446533203
145,107.04656982421875
146,106.51551818847656
147,106.26302337646484
148,106.50679779052734
149,105.07035064697266
150,104.36516571044922
151,105.56657409667969
152,104.66116333007812
153,104.4609375
154,104.11270141601562
155,104.78304290771484
156,105.888671875
157,105.04423522949219
158,103.95600128173828
159,101.32685089111328
160,100.1428451538086
161,96.23393249511719
162,95.49394989013672
163,97.92289733886719
164,99.67273712158203
165,100.65650939941406
166,100.29083251953125
167,97.4179458618164
168,99.16780090332031
169,99.0110855102539
170,98.2624282836914
171,100.50849914550781
172,99.35063934326172
173,99.8033218383789
174,100.27347564697266
175,99.81201171875
176,100.9350814819336
177,101.80567932128906
178,102.15391540527344
179,100.74357604980469
180,100.56075286865234
181,99.03724670410156
182,98.7412338256836
183,98.57582092285156
184,97.27842712402344
185,94.5544204711914
186,93.88214111328125
187,95.34015655517578
188,95.17430877685547
189,96.58869934082031
190,98.89360809326172
191,98.21263122558594
192,99.95005798339844
193,100.84931182861328
194,101.05010986328125
195,100.90167999267578
196,99.52222442626953
197,98.54439544677734
198,100.90167999267578
199,100.77073669433594
200,100.96278381347656
201,100.82311248779297
202,99.28648376464844
203,100.15958404541016
204,101.14616394042969
205,100.4564437866211
206,99.35636138916016
207,102.25496673583984
208,101.16363525390625
209,100.70086669921875
210,102.7962646484375
211,103.32886505126953
212,103.2764663696289
213,103.35503387451172
214,104.08841705322266
215,102.86612701416016
216,103.17168426513672
217,102.2724380493164
218,100.31672668457031
219,99.59207153320312
220,100.44767761230469
221,100.06353759765625
222,101.75732421875
223,101.32950592041016
224,101.98430633544922
225,102.49069213867188
226,103.24156188964844
227,104.04476928710938
228,104.43768310546875
229,103.9836654663086
230,104.67339324951172
231,103.547119140625
232,101.80094146728516
233,102.83121490478516
234,101.28583526611328
235,100.72709655761719
236,99.60079956054688
237,99.93257141113281
238,97.70621490478516
239,97.00776672363281
240,98.40467834472656
241,99.9063720703125
242,98.8412094116211
243,97.330810546875
244,98.06419372558594
245,98.96344757080078
246,100.21195983886719
247,100.4013671875
248,99.93663024902344
249,101.01519012451172
250,99.99800872802734
251,98.75284576416016
252,96.4642333984375
253,96.6747055053711
254,95.20153045654297
255,92.65860748291016
256,91.06272888183594
257,90.66812133789062
258,90.9399642944336
259,88.01998901367188
260,89.23883056640625
261,87.7919921875
262,86.60821533203125
263,86.96775817871094
264,86.76608276367188
265,88.88809204101562
266,86.91514587402344
267,88.65133666992188
268,87.4324722290039
269,87.41494750976562
270,90.28233337402344
271,89.87017059326172
272,87.93231201171875
273,88.04629516601562
274,88.3882827758789
275,85.96810913085938
276,84.5563735961914
277,83.98640441894531
278,84.03022003173828
279,83.11830139160156
280,84.6966552734375
281,86.70470428466797
282,88.06383514404297
283,87.6429443359375
284,88.08137512207031
285,89.06346893310547
286,88.24797821044922
287,89.0985336303711
288,89.91404724121094
289,90.48401641845703
290,90.08065032958984
291,92.0185317993164
292,92.96553039550781
293,93.9388427734375
294,94.45621490478516
295,95.4821548461914
296,93.17596435546875
297,93.64947509765625
298,92.88658142089844
299,94.87710571289062
300,94.6315689086914
301,93.15843200683594
302,93.81608581542969
303,95.25415802001953
304,96.11349487304688
305,95.885498046875
306,95.7715072631836
307,94.00106048583984
308,94.28252410888672
309,94.39682006835938
310,97.01773834228516
311,97.02653503417969
312,97.29918670654297
313,97.73014831542969
314,96.9122085571289
315,95.8128662109375
316,96.89459991455078
317,95.58416748046875
318,95.96233367919922
319,95.6633529663086
320,96.69235229492188
321,98.77672576904297
322,98.65360260009766
323,98.89989471435547
324,99.64746856689453
325,99.72661590576172
326,99.87611389160156
327,99.37482452392578
328,100.35987091064453
329,99.64746856689453
330,100.62372589111328
331,100.97551727294922
332,99.82337951660156
333,98.92626190185547
334,99.80580139160156
335,98.16992950439453
336,97.36076354980469
337,96.9737777709961
338,97.54544067382812
339,97.82688903808594
340,98.81194305419922
341,97.58943939208984
342,97.07052612304688
343,96.42851257324219
344,97.65100860595703
345,96.1030502319336
346,96.60440826416016
347,95.83041381835938
348,97.43990325927734
349,97.32559204101562
350,99.33084106445312
351,99.91129302978516
352,99.79696655273438
353,100.79082489013672
354,101.14261627197266
355,101.82862091064453
356,102.61136627197266
357,101.99573516845703
358,103.09510040283203
359,103.39411926269531
360,104.15930938720703
361,103.4908676147461
362,102.08367156982422
363,100.97551727294922
364,100.6852798461914
365,100.75562286376953
366,100.7468490600586
367,100.3158950805664
368,101.40646362304688
369,101.21297454833984
370,100.81717681884766
371,102.74329376220703
372,98.83831024169922
373,95.59297180175781
374,97.07052612304688
375,99.27806091308594
376,101.12503051757812
377,101.4856185913086
378,99.99047088623047
379,100.71652221679688
380,100.9287338256836
381,103.28106689453125
382,104.47492980957031
383,105.8721694946289
384,105.4565200805664
385,105.5626449584961
386,105.85444641113281
387,106.03134155273438
388,105.500732421875
389,106.19052124023438
390,105.68645477294922
391,106.47351837158203
392,106.31429290771484
393,106.82723236083984
394,107.1279067993164
395,106.85376739501953
396,107.06598663330078
397,107.15444946289062
398,105.65990447998047
399,106.5177230834961
400,106.61498260498047
401,108.15374755859375
402,108.1006851196289
403,108.21563720703125
404,107.43744659423828
405,107.95032501220703
406,108.05647277832031
407,109.12648010253906
408,108.24215698242188
409,107.92379760742188
410,108.71971893310547
411,108.71971893310547
412,108.9673080444336
413,109.72785186767578
414,108.83467102050781
415,109.0468978881836
416,108.82582092285156
417,109.39179229736328
418,109.5951919555664
419,108.97614288330078
420,109.05577087402344
421,110.10812377929688
422,110.21424865722656
423,110.90399932861328
424,110.68293762207031
425,107.22517395019531
426,108.71971893310547
427,106.63268280029297
428,106.650390625
429,107.92379760742188
430,107.7646484375
431,108.48090362548828
432,108.02107238769531
433,109.58634948730469
434,111.16046905517578
435,110.37340545654297
436,109.27733612060547
437,109.72075653076172
438,110.56317901611328
439,108.94924926757812
440,110.14637756347656
441,109.800537109375
442,109.2596435546875
443,109.91583251953125
444,109.800537109375
445,108.92265319824219
446,110.22623443603516
447,108.21321868896484
448,108.12454986572266
449,107.22889709472656
450,106.79438018798828
451,106.67023468017578
452,107.2821044921875
453,107.734375
454,107.41512298583984
455,107.3619155883789
456,108.04472351074219
457,107.23775482177734
458,106.17363739013672
459,104.95875549316406
460,104.6661148071289
461,105.0829086303711
462,103.79707336425781
463,102.47578430175781
464,101.97919464111328
465,102.63540649414062
466,105.14497375488281
467,105.41988372802734
468,108.66548156738281
469,110.40357971191406
470,112.93974304199219
471,114.52705383300781
472,114.88179016113281
473,114.87289428710938
474,115.5468521118164
475,116.15873718261719
476,116.6996841430664
477,117.76378631591797
478,118.49983978271484
479,118.8900375366211
480,117.34700012207031
481,117.28490447998047
482,116.7085189819336
483,116.14097595214844
484,116.07888793945312
485,118.07417297363281
486,119.35113525390625
487,120.51280212402344
488,122.41048431396484
489,122.64990997314453
490,121.35523986816406
491,121.36407470703125
492,119.84771728515625
493,120.74337768554688
494,120.52169799804688
495,121.31088256835938
496,122.339599609375
497,121.54142761230469
498,120.49344635009766
499,121.13453674316406
500,121.67768859863281
501,120.43109893798828
502,120.53794860839844
503,120.07489776611328
504,120.6715087890625
505,122.6838607788086
506,121.26810455322266
507,120.82286071777344
508,120.03040313720703
509,121.17908477783203
510,121.39273834228516
511,120.45780944824219
512,121.33042907714844
513,119.68314361572266
514,120.07489776611328
515,119.09544372558594
516,119.7098388671875
517,119.211181640625
518,121.03656768798828
519,122.17633056640625
520,121.6866226196289
521,121.26810455322266
522,119.5762710571289
523,120.4133071899414
524,120.34203338623047
525,120.03932189941406
526,121.87358093261719
527,120.9564437866211
528,120.42218780517578
529,120.20845031738281
530,121.90032958984375
531,122.82635498046875
532,123.14693450927734
533,123.55653381347656
534,124.29558563232422
535,123.94828033447266
536,123.8681411743164
537,124.8387222290039
538,124.28666687011719
539,123.5475845336914
540,123.45854187011719
541,124.6606216430664
542,122.73726654052734
543,124.9812240600586
544,123.5475845336914
545,123.45854187011719
546,122.6126480102539
547,121.81124877929688
548,121.00985717773438
549,120.52903747558594
550,121.06327056884766
551,121.34822845458984
552,120.76947784423828
553,122.63935852050781
554,122.79962921142578
555,123.28939056396484
556,122.755126953125
557,119.29132843017578
558,119.31805419921875
559,120.01258087158203
560,120.09922790527344
561,120.3224868774414
562,121.2601089477539
563,121.65304565429688
564,122.57281494140625
565,122.76925659179688
566,121.47441101074219
567,121.33154296875
568,119.95635986328125
569,121.07256317138672
570,121.01899719238281
571,121.28691864013672
572,122.25131225585938
573,120.59036254882812
574,119.41162872314453
575,120.81360626220703
576,120.84041595458984
577,121.2601089477539
578,122.80497741699219
579,122.52814483642578
580,124.05518341064453
581,125.26073455810547
582,125.9036636352539
583,125.86799621582031
584,124.18016052246094
585,124.89458465576172
586,124.26055145263672
587,123.49260711669922
588,123.32292175292969
589,124.11767578125
590,123.59976196289062
591,123.54617309570312
592,124.31414794921875
593,123.44796752929688
594,122.79602813720703
595,123.7515869140625
596,123.79618835449219
597,120.4564208984375
598,120.89398193359375
599,121.47441101074219
600,122.29598236083984
601,122.69783782958984
602,122.7782211303711
603,122.85851287841797
604,122.82286071777344
605,121.85839080810547
606,121.73335266113281
607,124.08193969726562
608,124.88566589355469
609,124.10872650146484
610,123.9926528930664
611,124.10872650146484
612,125.80545806884766
613,126.45735931396484
614,126.25196075439453
615,126.89488220214844
616,126.14479064941406
617,125.5018539428711
618,125.1893081665039
619,126.11798095703125
620,124.84101867675781
621,124.52845764160156
622,125.00176239013672
623,125.832275390625
624,125.98408508300781
625,124.87672424316406
626,126.78778076171875
627,126.03763580322266
628,125.8411865234375
629,126.89488220214844
630,126.43951416015625
631,124.78839111328125
632,125.9991455078125
633,125.45204162597656
634,125.81974792480469
635,126.78836059570312
636,126.89598846435547
637,127.11127471923828
638,127.4072036743164
639,127.07537841796875
640,128.3399200439453
641,128.42959594726562
642,127.84663391113281
643,128.02603149414062
644,129.19192504882812
645,128.4744415283203
646,127.65828704833984
647,127.31751251220703
648,126.9139175415039
649,127.15605926513672
650,125.76590728759766
651,125.13815307617188
652,125.74800109863281
653,125.95427703857422
654,125.55968475341797
655,124.4745101928711
656,122.21443176269531
657,122.39372253417969
658,124.25025939941406
659,123.22786712646484
660,123.26371765136719
661,121.01258850097656
662,121.00364685058594
663,120.9229507446289
664,122.23233795166016
665,122.03508758544922
666,122.41173553466797
667,122.76148986816406
668,123.28167724609375
669,123.30858612060547
670,124.09783172607422
671,125.3175277709961
672,126.02605438232422
673,124.8152847290039
674,125.07540130615234
675,124.76145935058594
676,124.86015319824219
677,126.16950225830078
678,126.94081115722656
679,127.31751251220703
680,127.20095825195312
681,127.7210693359375
682,128.59100341796875
683,128.59100341796875
684,129.0036163330078
685,128.8690643310547
686,129.4161376953125
687,129.5955047607422
688,130.0081787109375
689,132.5524444580078
690,132.90301513671875
691,133.2176513671875
692,134.8539581298828
693,135.15061950683594
694,134.7190704345703
695,135.08767700195312
696,134.8988494873047
697,134.34149169921875
698,134.72804260253906
699,134.62913513183594
700,134.53028869628906
701,134.28750610351562
702,134.17066955566406
703,133.78407287597656
704,134.4224090576172
705,134.21563720703125
706,134.8358917236328
707,133.8289794921875
708,134.1077117919922
709,133.46038818359375
710,133.73912048339844
711,134.6651153564453
712,133.24465942382812
713,134.1886444091797
714,133.298583984375
715,133.69418334960938
716,133.60427856445312
717,133.75711059570312
718,132.15682983398438
719,132.3366241455078
720,131.86911010742188
721,131.770263671875
722,131.8061981201172
723,131.4466094970703
724,130.92515563964844
725,132.8490753173828
726,133.46038818359375
727,134.431396484375
728,135.83389282226562
729,135.654052734375
730,135.70799255371094
731,135.29440307617188
732,137.42510986328125
733,137.8836212158203
734,138.13534545898438
735,137.56898498535156
736,137.05653381347656
737,135.6900177001953
738,135.0517120361328
739,135.9957275390625
740,136.12155151367188
741,136.06764221191406
742,135.64505004882812
743,136.45419311523438
744,134.9438018798828
745,136.86770629882812
746,138.71974182128906
747,137.62286376953125
748,137.89263916015625
749,138.4963836669922
750,138.24365234375
751,138.32493591308594
752,138.18951416015625
753,138.73095703125
754,137.58494567871094
755,138.8843994140625
756,139.0287628173828
757,139.39878845214844
758,139.6875457763672
759,139.90415954589844
760,139.7146453857422
761,139.73268127441406
762,142.13316345214844
763,142.72879028320312
764,140.90585327148438
765,142.24147033691406
766,141.2668914794922
767,143.1258087158203
768,143.8928680419922
769,144.35311889648438
770,143.45973205566406
771,143.51390075683594
772,144.02830505371094
773,143.21604919433594
774,141.84437561035156
775,141.10438537597656
776,141.5465545654297
777,138.82122802734375
778,133.4878387451172
779,135.08518981933594
780,135.2205047607422
781,131.2498321533203
782,132.4501190185547
783,133.70448303222656
784,133.9932403564453
785,136.40269470214844
786,137.89173889160156
787,138.37901306152344
788,137.24197387695312
789,137.38638305664062
790,137.16976928710938
791,138.9565887451172
792,139.8680419921875
793,137.85557556152344
794,135.6807861328125
795,135.31983947753906
796,137.48562622070312
797,138.71299743652344
798,140.21095275878906
799,141.44728088378906
800,141.15853881835938
801,143.4146270751953
802,143.6673126220703
803,142.99954223632812
804,142.3227081298828
805,141.60971069335938
806,142.4039306640625
807,141.03225708007812
808,140.99609375
809,141.81724548339844
810,138.70762634277344
811,135.72265625
812,138.6894989013672
813,136.00306701660156
814,135.95787048339844
815,137.3327178955078
816,133.98605346679688
817,135.90357971191406
818,137.63125610351562
819,138.77096557617188
820,136.00306701660156
821,136.16590881347656
822,138.7346954345703
823,139.03326416015625
824,139.9829864501953
825,139.2502899169922
826,140.53469848632812
827,142.0633087158203
828,142.44325256347656
829,141.45729064941406
830,140.69752502441406
831,140.4894561767578
832,139.68447875976562
833,139.47642517089844
834,140.11865234375
835,139.9196319580078
836,138.68048095703125
837,139.3588409423828
838,139.88343811035156
839,139.1236572265625
840,140.86032104492188
841,142.0542755126953
842,142.7598114013672
843,143.52867126464844
844,144.2974395751953
845,144.57786560058594
846,144.0261688232422
847,144.05328369140625
848,145.55474853515625
849,146.22412109375
850,146.41404724121094
851,147.3818817138672
852,146.31454467773438
853,146.50453186035156
854,146.5587615966797
855,146.29647827148438
856,146.09751892089844
857,148.4130401611328
858,147.22813415527344
859,148.19598388671875
860,148.98291015625
861,149.90548706054688
862,150.99090576171875
863,150.1678009033203
864,150.62010192871094
865,150.8462371826172
866,151.53363037109375
867,150.9366455078125
868,151.74166870117188
869,151.7869110107422
870,152.50144958496094
871,152.510498046875
872,153.74063110351562
873,152.30250549316406
874,151.79595947265625
875,149.3175811767578
876,150.18592834472656
877,147.7798614501953
878,148.23214721679688
879,148.1326446533203
880,149.1547393798828
881,149.74937438964844
882,151.45602416992188
883,152.73599243164062
884,153.69822692871094
885,152.9992218017578
886,151.7010955810547
887,152.43641662597656
888,151.98251342773438
889,151.39247131347656
890,152.06422424316406
891,152.4908905029297
892,153.5711212158203
893,152.9447784423828
894,153.13539123535156
895,151.50137329101562
896,152.05508422851562
897,152.8721160888672
898,150.0216827392578
899,149.05943298339844
900,150.57545471191406
901,150.47552490234375
902,151.57400512695312
903,151.0474853515625
904,151.8917236328125
905,152.25486755371094
906,152.11866760253906
907,152.50904846191406
908,152.0823516845703
909,151.19277954101562
910,152.6905975341797
911,150.77516174316406
912,152.1731719970703
913,152.82676696777344
914,153.25341796875
915,155.01454162597656
916,155.3957977294922
917,154.9237518310547
918,155.7680206298828
919,155.99497985839844
920,156.1402130126953
921,156.5941162109375
922,156.46701049804688
923,157.066162109375
924,156.36717224121094
925,155.9495391845703
926,154.89651489257812
927,154.8148193359375
928,155.0054473876953
929,155.2596435546875
930,154.88746643066406
931,154.9237518310547
932,155.57736206054688
933,153.9252166748047
934,154.56976318359375
935,154.0068817138672
936,155.4321746826172
937,154.68772888183594
938,154.11581420898438
939,154.3518829345703
940,152.9410400390625
941,152.9501190185547
942,153.41436767578125
943,151.3937225341797
944,149.75535583496094
945,151.06605529785156
946,148.94525146484375
947,147.59817504882812
948,147.28868103027344
949,146.71527099609375
950,142.50100708007812
951,139.77952575683594
952,139.80685424804688
953,140.32566833496094
954,144.39425659179688
955,143.77536010742188
956,141.08111572265625
957,139.58837890625
958,139.2880096435547
959,138.04103088378906
960,132.84381103515625
961,135.7200469970703
962,134.23643493652344
963,133.49911499023438
964,136.2843475341797
965,136.5574188232422
966,139.706787109375
967,140.17092895507812
968,140.06173706054688
969,140.75343322753906
970,143.27471923828125
971,142.89242553710938
972,140.24374389648438
973,137.46762084960938
974,137.0307159423828
975,136.02952575683594
976,137.96823120117188
977,138.29588317871094
978,135.4924774169922
979,132.88026428222656
980,134.73699951171875
981,134.60958862304688
982,136.35720825195312
983,135.22853088378906
984,138.56898498535156
985,138.1957550048828
986,138.91482543945312
987,140.24374389648438
988,134.2728271484375
989,133.98155212402344
990,131.0871124267578
991,130.704833984375
992,130.5682830810547
993,131.81527709960938
994,129.94937133789062
995,127.98336791992188
996,125.13311767578125
997,124.97782897949219
998,122.37509155273438
999,120.3568115234375
1000,117.23351287841797
1001,114.95952606201172
1002,120.4846420288086
1003,120.98694610595703
1004,121.3339614868164
1005,122.28375244140625
1006,122.97782897949219
1007,120.77689361572266
1008,125.28837585449219
1009,127.48017883300781
1010,129.43446350097656
1011,130.5029754638672
1012,131.17877197265625
1013,131.21530151367188
1014,129.90940856933594
1015,131.0052490234375
1016,131.98245239257812
1017,133.17877197265625
1018,134.5486602783203
1019,132.42080688476562
1020,132.05551147460938
1021,132.8500213623047
1022,134.55780029296875
1023,133.8363494873047
1024,133.51670837402344
1025,134.97792053222656
1026,136.1285858154297
1027,136.23814392089844
1028,137.86376953125
1029,138.0098876953125
1030,137.83631896972656
1031,136.70394897460938
1032,136.85011291503906
1033,137.9916229248047
1034,139.7176055908203
1035,140.11038208007812
1036,140.42999267578125
1037,142.66746520996094
1038,143.06011962890625
1039,143.73594665527344
1040,143.18797302246094
1041,144.42999267578125
1042,144.46649169921875
1043,143.4711151123047
1044,143.67201232910156
1045,143.17886352539062
1046,144.51222229003906
1047,143.2062225341797
1048,142.53958129882812
1049,139.74502563476562
1050,138.5213165283203
1051,138.48477172851562
1052,140.9048614501953
1053,140.97792053222656
1054,141.53500366210938
1055,140.95968627929688
1056,141.33412170410156
1057,142.2382049560547
1058,141.5167694091797
1059,140.3373260498047
1060,142.1779022216797
1061,137.00424194335938
1062,137.6085968017578
1063,139.0553741455078
1064,138.51513671875
1065,139.75128173828125
1066,140.18165588378906
1067,141.7108917236328
1068,141.34457397460938
1069,142.07716369628906
1070,142.77305603027344
1071,144.10995483398438
1072,143.87191772460938
1073,142.11376953125
1074,144.04580688476562
1075,143.86268615722656
1076,144.3846435546875
1077,143.9176483154297
1078,144.25645446777344
1079,142.93783569335938
1080,142.51666259765625
1081,142.14122009277344
1082,144.283935546875
1083,144.7325897216797
1084,143.5330810546875
1085,144.92489624023438
1086,145.62083435058594
1087,144.94320678710938
1088,143.56968688964844
1089,144.23818969726562
1090,146.99436950683594
1091,147.1591796875
1092,144.24729919433594
1093,143.542236328125
1094,143.02029418945312
1095,143.41397094726562
1096,138.84481811523438
1097,140.59371948242188
1098,141.05154418945312
1099,141.93060302734375
1100,139.9527587890625
1101,138.98211669921875
1102,140.85012817382812
1103,139.6688995361328
1104,136.7936248779297
1105,138.07559204101562
1106,136.97677612304688
1107,135.83216857910156
1108,135.4567413330078
1109,133.56129455566406
1110,134.02830505371094
1111,137.49871826171875
1112,137.52621459960938
1113,137.16905212402344
1114,138.13970947265625
1115,138.9547119140625
1116,138.5426025390625
1117,138.69827270507812
1118,140.16339111328125
1119,138.93634033203125
1120,139.89479064941406
1121,141.521240234375
1122,142.02662658691406
1123,142.69744873046875
1124,141.466064453125
1125,139.7477569580078
1126,138.89315795898438
1127,138.57154846191406
1128,141.1720733642578
1129,142.89036560058594
1130,143.4417724609375
1131,142.56878662109375
1132,143.5887451171875
1133,143.9747314453125
1134,142.60556030273438
1135,142.79852294921875
1136,143.04661560058594
1137,142.3482666015625
1138,143.450927734375
1139,142.69744873046875
1140,142.65151977539062
1141,141.63148498535156
1142,142.1644744873047
1143,141.34664916992188
1144,141.21798706054688
1145,142.15524291992188
1146,144.5076904296875
1147,142.7617645263672
1148,144.45252990722656
1149,143.48768615722656
1150,145.04066467285156
1151,143.8644561767578
1152,141.7785186767578
1153,140.20718383789062
1154,135.9985809326172
1155,137.24835205078125
1156,137.2115478515625
1157,140.1704559326172
1158,138.4061279296875
1159,136.6142578125
1160,138.08453369140625
1161,134.22511291503906
1162,133.6920928955078
1163,136.57749938964844
1164,137.95587158203125
1165,137.05531311035156
1166,138.1855926513672
1167,137.86398315429688
1168,133.63699340820312
1169,135.1072540283203
1170,133.10403442382812
1171,134.65696716308594
1172,137.01858520507812
1173,136.77044677734375
1174,134.76724243164062
1175,135.85159301757812
1176,138.3785400390625
1177,137.7445068359375
1178,139.5914764404297
1179,141.3742218017578
1180,144.26878356933594
1181,144.30551147460938
1182,144.5536346435547
1183,145.0957794189453
1184,144.71902465820312
1185,143.82772827148438
1186,143.12933349609375
1187,142.8260955810547
1188,142.71580505371094
1189,140.5617218017578
1190,142.10165405273438
1191,140.51556396484375
1192,139.39056396484375
1193,139.55653381347656
1194,136.8177947998047
1195,135.78500366210938
1196,136.23687744140625
1197,137.52784729003906
1198,137.28810119628906
1199,135.05654907226562
1200,135.67434692382812
1201,136.21844482421875
1202,138.5237579345703
1203,138.01658630371094
1204,139.60269165039062
1205,139.7501983642578
1206,141.40084838867188
1207,140.7277069091797
1208,142.0463409423828
1209,142.20309448242188
1210,142.3782958984375
1211,142.1754150390625
1212,142.93157958984375
1213,144.16726684570312
1214,144.6375732421875
1215,144.15805053710938
1216,143.34652709960938
1217,145.79025268554688
1218,146.5740203857422
1219,146.7584228515625
1220,145.9100799560547
1221,146.29737854003906
1222,146.69387817382812
1223,146.4172821044922
1224,146.46340942382812
1225,145.83628845214844
1226,145.79025268554688
1227,146.54637145996094
1228,146.17752075195312
1229,146.72154235839844
1230,146.16831970214844
1231,145.44900512695312
1232,145.90086364746094
1233,148.99928283691406
1234,149.10067749023438
1235,150.1519317626953
1236,149.17449951171875
1237,147.7174835205078
1238,147.24717712402344
1239,148.26153564453125
1240,148.4091339111328
1241,150.14273071289062
1242,149.85687255859375
1243,149.94906616210938
1244,149.90296936035156
1245,151.19393920898438
1246,150.6129913330078
1247,151.6746063232422
1248,152.4335479736328
1249,152.7296905517578
1250,153.38682556152344
1251,153.60891723632812
1252,153.91436767578125
1253,154.26608276367188
1254,154.26608276367188
1255,153.5071258544922
1256,153.11846923828125
1257,153.33123779296875
1258,153.43312072753906
1259,152.8314666748047
1260,153.0350799560547
1261,152.52609252929688
1262,152.9981231689453
1263,153.1832275390625
1264,152.609375
1265,153.5996856689453
1266,154.1642608642578
1267,154.90464782714844
1268,156.9037628173828
1269,156.47804260253906
1270,155.18235778808594
1271,155.08050537109375
1272,154.9786834716797
1273,153.07212829589844
1274,151.3321533203125
1275,152.59085083007812
1276,151.72085571289062
1277,151.72085571289062
1278,148.5740966796875
1279,150.23077392578125
1280,152.498291015625
1281,154.84909057617188
1282,154.49746704101562
1283,152.60011291503906
1284,153.4608917236328
1285,154.52523803710938
1286,155.5895538330078
1287,155.99676513671875
1288,155.39520263671875
1289,155.06198120117188
1290,155.8579559326172
1291,156.23739624023438
1292,154.65475463867188
1293,149.99940490722656
1294,144.66836547851562
1295,142.99319458007812
1296,137.95834350585938
1297,135.43170166015625
1298,139.78163146972656
1299,136.93104553222656
1300,140.8274688720703
1301,136.34793090820312
1302,133.64541625976562
1303,120.65107727050781
1304,124.41796112060547
1305,116.50475311279297
1306,103.6307373046875
1307,110.57215118408203
1308,95.90261840820312
1309,100.29885864257812
1310,92.52445983886719
1311,96.13400268554688
1312,93.84796905517578
1313,92.45968627929688
1314,100.91896057128906
1315,102.17323303222656
1316,108.52828216552734
1317,104.57958984375
1318,106.8837661743164
1319,106.34489440917969
1320,99.0979232788086
1321,100.0362777709961
1322,97.20255279541016
1323,104.64463806152344
1324,104.9140625
1325,109.69895935058594
1326,114.94837188720703
1327,111.83589172363281
1328,114.10289764404297
1329,109.4480972290039
1330,108.6211929321289
1331,113.40605163574219
1332,112.06816101074219
1333,109.39236450195312
1334,110.720947265625
1335,111.8080062866211
1336,113.73127746582031
1337,118.23738861083984
1338,119.95623016357422
1339,125.85606384277344
1340,121.07115936279297
1341,116.2677001953125
1342,116.76940155029297
1343,117.67064666748047
1344,116.80656433105469
1345,118.4046401977539
1346,122.97582244873047
1347,122.36260986328125
1348,117.96795654296875
1349,114.019287109375
1350,114.39091491699219
1351,116.21195220947266
1352,123.27308654785156
1353,120.83887481689453
1354,124.49951934814453
1355,124.72252655029297
1356,125.32646942138672
1357,128.94065856933594
1358,132.94505310058594
1359,129.79537963867188
1360,129.05213928222656
1361,130.28785705566406
1362,131.36561584472656
1363,134.53384399414062
1364,134.3386993408203
1365,139.5323944091797
1366,142.23606872558594
1367,139.60671997070312
1368,135.8159637451172
1369,125.45651245117188
1370,128.46681213378906
1371,131.4369354248047
1372,134.5972442626953
1373,132.16404724121094
1374,132.11744689941406
1375,131.4369354248047
1376,132.75137329101562
1377,133.3107147216797
1378,128.985107421875
1379,130.9334716796875
1380,127.40962982177734
1381,131.57676696777344
1382,133.478515625
1383,132.210693359375
1384,132.75137329101562
1385,133.7115936279297
1386,131.34365844726562
1387,132.32254028320312
1388,129.6470184326172
1389,131.73524475097656
1390,130.06651306152344
1391,132.21998596191406
1392,137.06765747070312
1393,136.25662231445312
1394,136.65750122070312
1395,136.07015991210938
1396,137.99989318847656
1397,138.0745086669922
1398,138.21432495117188
1399,136.1820526123047
1400,137.59906005859375
1401,136.22862243652344
1402,139.23046875
1403,138.68045043945312
1404,137.37535095214844
1405,139.6126708984375
1406,140.57289123535156
1407,143.36964416503906
1408,143.3136749267578
1409,145.58836364746094
1410,147.0985870361328
1411,146.250244140625
1412,146.84689331054688
1413,146.5392608642578
1414,146.44602966308594
1415,147.20114135742188
1416,145.79342651367188
1417,145.80274963378906
1418,145.20616149902344
1419,144.13406372070312
1420,145.64431762695312
1421,145.80274963378906
1422,144.88919067382812
1423,145.2434539794922
1424,146.4739990234375
1425,144.89849853515625
1426,146.55792236328125
1427,147.72323608398438
1428,143.36029052734375
1429,142.4467315673828
1430,139.70594787597656
1431,141.82208251953125
1432,139.97628784179688
1433,139.04397583007812
1434,142.7077178955078
1435,142.9781036376953
1436,144.32986450195312
1437,143.2764129638672
1438,142.9035186767578
1439,137.89736938476562
1440,138.96009826660156
1441,134.82022094726562
1442,134.82022094726562
1443,137.00990295410156
1444,140.38816833496094
1445,139.75181579589844
1446,140.17288208007812
1447,142.40945434570312
1448,143.03643798828125
1449,146.9855194091797
1450,146.56442260742188
1451,149.76483154296875
1452,151.46795654296875
1453,152.2540283203125
1454,153.27406311035156
1455,152.2540283203125
1456,150.7473907470703
1457,152.30084228515625
1458,151.926513671875
1459,150.111083984375
1460,150.43862915039062
1461,149.14720153808594
1462,151.7206268310547
1463,152.6002960205078
1464,149.30628967285156
1465,148.02423095703125
1466,143.46694946289062
1467,145.17942810058594
1468,143.26104736328125
1469,145.8157501220703
1470,149.9519805908203
1471,150.12039184570312
1472,154.3221435546875
1473,153.11495971679688
1474,158.66421508789062
1475,161.61196899414062
1476,161.5464630126953
1477,159.06661987304688
1478,162.36065673828125
1479,166.22547912597656
1480,167.00216674804688
1481,164.6627197265625
1482,165.92599487304688
1483,166.1038360595703
1484,169.2106475830078
1485,172.39239501953125
1486,171.8028106689453
1487,172.53274536132812
1488,169.3978271484375
1489,170.96995544433594
1490,171.1477508544922
1491,172.1116485595703
1492,176.11683654785156
1493,176.28526306152344
1494,178.54991149902344
1495,177.2491455078125
1496,178.961669921875
1497,178.08200073242188
1498,178.29037475585938
1499,182.74932861328125
1500,182.09222412109375
1501,184.26065063476562
1502,183.3688201904297
1503,183.27496337890625
1504,185.35888671875
1505,186.93601989746094
1506,186.81396484375
1507,186.11932373046875
1508,182.51458740234375
1509,184.3733367919922
1510,184.04473876953125
1511,181.64161682128906
1512,184.44837951660156
1513,191.9956817626953
1514,195.41259765625
1515,194.99017333984375
1516,194.8212127685547
1517,198.31320190429688
1518,196.89578247070312
1519,200.82896423339844
1520,197.83448791503906
1521,200.36898803710938
1522,201.2513885498047
1523,199.50540161132812
1524,201.8240203857422
1525,201.62689208984375
1526,200.22821044921875
1527,196.55780029296875
1528,195.92889404296875
1529,192.96255493164062
1530,197.70301818847656
1531,200.51922607421875
1532,201.11996459960938
1533,205.22218322753906
1534,208.06651306152344
1535,213.37962341308594
1536,214.38404846191406
1537,212.97598266601562
1538,212.73194885253906
1539,213.33270263671875
1540,211.9903564453125
1541,210.32879638671875
1542,207.0714569091797
1543,211.3895263671875
1544,210.01902770996094
1545,208.16978454589844
1546,213.08859252929688
1547,205.2128143310547
1548,204.93121337890625
1549,212.21560668945312
1550,208.13221740722656
1551,205.8792724609375
1552,200.12493896484375
1553,204.36801147460938
1554,205.3348388671875
1555,209.65289306640625
1556,213.29513549804688
1557,217.98867797851562
1558,219.2747344970703
1559,220.05389404296875
1560,216.37413024902344
1561,218.0731964111328
1562,211.43649291992188
1563,213.03228759765625
1564,211.4270782470703
1565,203.75779724121094
1566,199.0454559326172
1567,203.76480102539062
1568,207.47962951660156
1569,201.63925170898438
1570,205.03439331054688
1571,207.79005432128906
1572,210.42335510253906
1573,211.58018493652344
1574,210.95944213867188
1575,207.55491638183594
1576,209.31362915039062
1577,209.34182739257812
1578,208.5236053466797
1579,207.97811889648438
1580,210.0283966064453
1581,210.9406280517578
1582,211.27920532226562
1583,208.53305053710938
1584,204.26318359375
1585,209.25718688964844
1586,208.3919677734375
1587,212.3231658935547
1588,214.53330993652344
1589,214.85304260253906
1590,215.21983337402344
1591,214.42042541503906
1592,211.5049591064453
1593,212.53944396972656
1594,210.00015258789062
1595,209.16311645507812
1596,209.34182739257812
1597,211.9751434326172
1598,206.586181640625
1599,205.92787170410156
1600,199.24107360839844
1601,202.9088897705078
1602,207.8652801513672
1603,208.1473846435547
1604,206.56741333007812
1605,204.9779815673828
1606,206.34164428710938
1607,206.87779235839844
1608,208.22264099121094
1609,206.21002197265625
1610,210.05662536621094
1611,212.21969604492188
1612,212.07861328125
1613,214.48626708984375
1614,214.74020385742188
1615,212.94387817382812
1616,213.8655242919922
1617,216.73403930664062
1618,219.02879333496094
1619,217.571044921875
1620,215.9575958251953
1621,218.2369842529297
1622,217.59649658203125
1623,216.9748077392578
1624,216.51329040527344
1625,214.0832061767578
1626,209.22303771972656
1627,213.69703674316406
1628,214.66720581054688
1629,215.37359619140625
1630,218.41592407226562
1631,218.7832489013672
1632,217.05015563964844
1633,216.0140838623047
1634,216.04232788085938
1635,217.94496154785156
1636,215.8727569580078
1637,212.7362823486328
1638,210.75828552246094
1639,208.81800842285156
1640,213.22608947753906
1641,213.40504455566406
1642,209.38314819335938
1643,206.1524200439453
1644,204.98448181152344
1645,202.46018981933594
1646,199.4273223876953
1647,205.6155548095703
1648,209.1570587158203
1649,205.8322296142578
1650,206.79293823242188
1651,207.395751953125
1652,204.97509765625
1653,207.98915100097656
1654,209.59036254882812
1655,208.20579528808594
1656,207.169677734375
1657,208.0268096923828
1658,205.43663024902344
1659,209.12879943847656
1660,210.40980529785156
1661,209.25132751464844
1662,209.66575622558594
1663,210.69235229492188
1664,210.1931915283203
1665,208.28111267089844
1666,206.34083557128906
1667,203.82594299316406
1668,202.0457763671875
1669,199.62513732910156
1670,202.99713134765625
1671,206.85887145996094
1672,208.8933868408203
1673,209.6280517578125
1674,207.40516662597656
1675,213.25433349609375
1676,212.37835693359375
1677,212.7928009033203
1678,214.22450256347656
1679,215.71266174316406
1680,214.71429443359375
1681,213.2354736328125
1682,210.90902709960938
1683,210.805419921875
1684,208.74266052246094
1685,209.92945861816406
1686,207.25440979003906
1687,209.12879943847656
1688,209.27957153320312
1689,209.5526885986328
1690,204.5700225830078
1691,204.8809051513672
1692,208.06448364257812
1693,211.74729919433594
1694,210.7260284423828
1695,213.92874145507812
1696,209.06326293945312
1697,208.61924743652344
1698,206.66360473632812
1699,209.9985809326172
1700,208.0902099609375
1701,208.80821228027344
1702,207.7217254638672
1703,210.92445373535156
1704,209.3372802734375
1705,208.137451171875
1706,209.2805633544922
1707,210.27255249023438
1708,213.39022827148438
1709,212.71946716308594
1710,212.59664916992188
1711,213.39022827148438
1712,214.80735778808594
1713,215.3553009033203
1714,214.8450927734375
1715,216.8857879638672
1716,215.25132751464844
1717,211.29287719726562
1718,215.50648498535156
1719,215.44979858398438
1720,221.03321838378906
1721,221.49615478515625
1722,225.4546661376953
1723,225.36964416503906
1724,228.44952392578125
1725,229.15805053710938
1726,227.8259735107422
1727,224.2359161376953
1728,226.04037475585938
1729,226.2671356201172
1730,225.36964416503906
1731,225.78533935546875
1732,222.8282470703125
1733,221.88351440429688
1734,219.86175537109375
1735,218.92640686035156
1736,218.54856872558594
1737,218.78475952148438
1738,210.537109375
1739,210.4048309326172
1740,206.11566162109375
1741,201.47691345214844
1742,207.09823608398438
1743,202.8468780517578
1744,206.91871643066406
1745,211.71804809570312
1746,213.1634979248047
1747,208.33583068847656
1748,207.75950622558594
1749,204.7233428955078
1750,202.9607696533203
1751,206.18270874023438
1752,202.01315307617188
1753,203.87051391601562
1754,201.00869750976562
1755,206.75123596191406
1756,208.74127197265625
1757,210.40907287597656
1758,212.38011169433594
1759,211.08184814453125
1760,211.3092803955078
1761,211.25245666503906
1762,210.79757690429688
1763,213.51722717285156
1764,213.19508361816406
1765,205.97421264648438
1766,207.14926147460938
1767,204.7517852783203
1768,204.0410919189453
1769,206.2111053466797
1770,204.6759796142578
1771,202.79969787597656
1772,203.08395385742188
1773,196.94345092773438
1774,193.74044799804688
1775,190.23426818847656
1776,186.67123413085938
1777,190.973388671875
1778,188.42433166503906
1779,185.7046661376953
1780,181.48777770996094
1781,185.02235412597656
1782,190.69862365722656
1783,192.70762634277344
1784,190.7933807373047
1785,187.18292236328125
1786,187.98841857910156
1787,188.9171142578125
1788,192.13897705078125
1789,195.78732299804688
1790,192.78335571289062
1791,190.83128356933594
1792,190.16793823242188
1793,195.2661590576172
1794,195.67364501953125
1795,190.66067504882812
1796,189.02133178710938
1797,186.35853576660156
1798,182.87127685546875
1799,187.66624450683594
1800,191.89260864257812
1801,192.66966247558594
1802,189.040283203125
1803,193.54147338867188
1804,191.2482452392578
1805,188.2537841796875
1806,183.57252502441406
1807,184.58645629882812
1808,189.7888946533203
1809,189.44775390625
1810,186.42483520507812
1811,182.61544799804688
1812,185.5246124267578
1813,191.36196899414062
1814,194.3658905029297
1815,196.41275024414062
1816,194.6785888671875
1817,196.63072204589844
1818,193.21925354003906
1819,195.44107055664062
1820,195.70692443847656
1821,195.77340698242188
1822,201.01454162597656
1823,196.97926330566406
1824,194.89988708496094
1825,197.0836639404297
1826,197.40647888183594
1827,192.73504638671875
1828,190.0005340576172
1829,189.38339233398438
1830,187.8737030029297
1831,186.6109161376953
1832,187.19956970214844
1833,190.76014709472656
1834,188.90867614746094
1835,187.63633728027344
1836,191.3772735595703
1837,192.10841369628906
1838,187.80723571777344
1839,182.94589233398438
1840,184.05679321289062
1841,178.2554931640625
1842,177.51490783691406
1843,180.82858276367188
1844,175.60641479492188
1845,177.4484100341797
1846,178.9676055908203
1847,183.74346923828125
1848,176.2900390625
1849,173.35614013671875
1850,166.0641326904297
1851,166.11158752441406
1852,161.98138427734375
1853,163.88034057617188
1854,169.07403564453125
1855,168.2669677734375
1856,173.41311645507812
1857,167.3365020751953
1858,167.61180114746094
1859,167.18453979492188
1860,169.20693969726562
1861,166.70030212402344
1862,169.7006378173828
1863,173.4890594482422
1864,178.16050720214844
1865,175.9482421875
1866,174.95127868652344
1867,179.22393798828125
1868,177.60983276367188
1869,178.37887573242188
1870,181.25582885742188
1871,178.45486450195312
1872,174.7554931640625
1873,170.01458740234375
1874,162.02748107910156
1875,161.24681091308594
1876,163.6077423095703
1877,156.02996826171875
1878,157.24851989746094
1879,160.06634521484375
1880,159.76174926757812
1881,161.6752471923828
1882,166.6826171875
1883,167.3014373779297
1884,164.159912109375
1885,162.4939422607422
1886,161.22776794433594
1887,163.1793670654297
1888,164.53118896484375
1889,163.3126220703125
1890,167.1776885986328
1891,167.1586151123047
1892,163.7981414794922
1893,163.23646545410156
1894,163.0936737060547
1895,161.4181671142578
1896,164.77865600585938
1897,164.31219482421875
1898,170.10980224609375
1899,172.7753448486328
1900,173.6606903076172
1901,170.8904266357422
1902,171.77574157714844
1903,170.71905517578125
1904,174.60313415527344
1905,177.00213623046875
1906,178.25875854492188
1907,178.19212341308594
1908,178.020751953125
1909,180.6387176513672
1910,180.25794982910156
1911,181.6383056640625
1912,183.5613250732422
1913,181.05760192871094
1914,186.2268524169922
1915,186.92178344726562
1916,190.7392578125
1917,191.41514587402344
1918,191.3389892578125
1919,188.12130737304688
1920,189.36837768554688
1921,185.30345153808594
1922,181.48594665527344
1923,181.7810516357422
1924,183.17100524902344
1925,186.0173797607422
1926,179.90570068359375
1927,178.24925231933594
1928,175.75506591796875
1929,174.68881225585938
1930,172.7848663330078
1931,171.4425811767578
1932,169.74801635742188
1933,173.4417266845703
1934,174.8887481689453
1935,178.40155029296875
1936,180.56256103515625
1937,173.4988555908203
1938,174.1747589111328
1939,172.9086151123047
1940,170.39541625976562
1941,171.85191345214844
1942,169.51004028320312
1943,166.92063903808594
1944,163.16030883789062
1945,159.27621459960938
1946,157.0954132080078
1947,157.6313018798828
1948,162.6167755126953
1949,158.97096252441406
1950,157.81312561035156
1951,161.99481201171875
1952,168.41563415527344
1953,167.17164611816406
1954,166.23390197753906
1955,161.3441162109375
1956,160.444580078125
1957,160.49244689941406
1958,160.05226135253906
1959,164.01385498046875
1960,159.6216583251953
1961,164.71238708496094
1962,166.66452026367188
1963,163.8320770263672
1964,161.74600219726562
1965,165.2578582763672
1966,165.96597290039062
1967,170.4921417236328
1968,171.334228515625
1969,171.3724822998047
1970,175.26708984375
1971,175.42977905273438
1972,175.6690216064453
1973,169.8414306640625
1974,168.70274353027344
1975,170.98013305664062
1976,171.75526428222656
1977,171.82225036621094
1978,167.10464477539062
1979,177.39141845703125
1980,178.845947265625
1981,176.8459930419922
1982,179.46792602539062
1983,176.31011962890625
1984,174.673828125
1985,175.802978515625
1986,174.8843536376953
1987,176.75030517578125
1988,177.20965576171875
1989,177.5828094482422
1990,174.0039825439453
1991,174.5111846923828
1992,179.29568481445312
1993,178.9033660888672
1994,179.94639587402344
1995,174.98959350585938
1996,172.31024169921875
1997,171.80308532714844
1998,173.0470733642578
1999,170.92274475097656
2000,172.93223571777344
2001,174.3646240234375
2002,173.22064208984375
2003,168.88504028320312
2004,167.62571716308594
2005,165.35704040527344
2006,166.23182678222656
2007,169.09654235839844
2008,166.885498046875
2009,167.64498901367188
2010,166.52024841308594
2011,163.9342498779297
2012,168.08718872070312
2013,167.6161346435547
2014,166.69326782226562
2015,168.76968383789062
2016,166.96240234375
2017,170.7115936279297
2018,170.99998474121094
2019,173.5282745361328
2020,175.69125366210938
2021,178.6425018310547
2022,179.8153076171875
2023,179.59422302246094
2024,176.69100952148438
2025,174.99908447265625
2026,177.88307189941406
2027,180.08448791503906
2028,179.69993591308594
2029,180.19984436035156
2030,181.2668914794922
2031,182.24745178222656
2032,179.7095489501953
2033,184.07395935058594
2034,186.967529296875
2035,190.6494140625
2036,189.37083435058594
2037,186.63108825683594
2038,188.01539611816406
2039,185.2659912109375
2040,182.5839080810547
2041,182.94923400878906
2042,185.15065002441406
2043,185.0641326904297
2044,186.93873596191406
2045,185.15065002441406
2046,185.66014099121094
2047,180.1805877685547
2048,180.67088317871094
2049,181.9590606689453
2050,180.2575225830078
2051,180.8919677734375
2052,180.90159606933594
2053,181.13229370117188
2054,181.5648956298828
2055,184.09320068359375
2056,181.40147399902344
2057,179.2961883544922
2058,179.38272094726562
2059,174.39344787597656
2060,169.36572265625
2061,166.6067352294922
2062,169.69256591796875
2063,166.89515686035156
2064,169.17349243164062
2065,164.60719299316406
2066,166.74131774902344
2067,169.8175506591797
2068,165.00132751464844
2069,164.26898193359375
2070,165.7548828125
2071,167.59779357910156
2072,167.35658264160156
2073,169.25735473632812
2074,169.0258026123047
2075,172.13267517089844
2076,172.20982360839844
2077,169.18984985351562
2078,167.53024291992188
2079,167.78111267089844
2080,169.5758056640625
2081,170.9169464111328
2082,169.66261291503906
2083,171.91078186035156
2084,170.30906677246094
2085,172.49932861328125
2086,171.76605224609375
2087,171.98797607421875
2088,171.10025024414062
2089,171.3221893310547
2090,171.20643615722656
2091,166.98028564453125
2092,165.3689422607422
2093,167.57847595214844
2094,169.0450897216797
2095,169.1416015625
2096,165.6680450439453
2097,166.2759246826172
2098,164.41371154785156
2099,168.32144165039062
2100,167.9355010986328
2101,167.43377685546875
2102,168.28286743164062
2103,166.98992919921875
2104,166.65223693847656
2105,168.68807983398438
2106,166.22767639160156
2107,169.93275451660156
2108,170.96522521972656
2109,169.92312622070312
2110,171.99761962890625
2111,171.18710327148438
2112,169.37315368652344
2113,168.05128479003906
2114,169.9617462158203
2115,169.33456420898438
2116,167.66534423828125
2117,169.47927856445312
2118,175.62550354003906
2119,173.27122497558594
2120,177.83505249023438
2121,181.1623992919922
2122,180.48516845703125
2123,179.024169921875
2124,179.76918029785156
2125,181.8300323486328
2126,179.8756103515625
2127,181.35595703125
2128,179.90463256835938
2129,179.1209259033203
2130,178.7048797607422
2131,177.37933349609375
2132,174.70892333984375
2133,174.8831024169922
2134,177.40838623046875
2135,178.27915954589844
2136,180.33033752441406
2137,181.19146728515625
2138,181.55911254882812
2139,179.7498321533203
2140,176.84718322753906
2141,178.71458435058594
2142,181.77198791503906
2143,183.63934326171875
2144,185.64215087890625
2145,187.141845703125
2146,185.31320190429688
2147,187.29664611816406
2148,189.6090850830078
2149,190.4121551513672
2150,188.74798583984375
2151,188.14810180664062
2152,188.612548828125
2153,188.59315490722656
2154,190.08316040039062
2155,187.6256103515625
2156,190.05413818359375
2157,192.26014709472656
2158,191.37965393066406
2159,188.77699279785156
2160,188.2448272705078
2161,187.86752319335938
2162,187.99327087402344
2163,186.81288146972656
2164,185.3519287109375
2165,184.5294952392578
2166,184.79071044921875
2167,184.47146606445312
2168,182.03321838378906
2169,179.807861328125
2170,177.68894958496094
2171,178.65647888183594
2172,178.395263671875
2173,177.86309814453125
2174,179.75949096679688
2175,177.27294921875
2176,178.02760314941406
2177,179.61439514160156
2178,182.12030029296875
2179,182.80726623535156
2180,182.4879913330078
2181,184.6552734375
2182,180.7657470703125
2183,180.08847045898438
2184,178.34689331054688
2185,177.95018005371094
2186,178.3759002685547
2187,178.20175170898438
2188,177.031005859375
2189,179.52731323242188
2190,177.65025329589844
2191,176.46986389160156
2192,175.78289794921875
2193,174.02200317382812
2194,171.3225555419922
2195,170.93551635742188
2196,171.69989013671875
2197,169.49227905273438
2198,171.07679748535156
2199,172.6223907470703
2200,171.8058319091797
2201,169.21038818359375
2202,166.3621826171875
2203,166.43992614746094
2204,166.56631469726562
2205,168.17022705078125
2206,169.14230346679688
2207,171.05734252929688
2208,170.76571655273438
2209,166.90652465820312
2210,165.51646423339844
2211,168.189697265625
2212,170.06578063964844
2213,166.56631469726562
2214,163.9125213623047
2215,161.79336547851562
2216,160.42274475097656
2217,161.8225555419922
2218,159.14932250976562
2219,159.5575714111328
2220,157.68150329589844
2221,158.55636596679688
2222,159.927001953125
2223,160.8407440185547
2224,165.1276397705078
2225,169.61866760253906
2226,167.49952697753906
2227,166.90652465820312
2228,165.1276397705078
2229,162.57106018066406
2230,164.38885498046875
2231,164.44717407226562
2232,173.4778289794922
2233,173.7791748046875
2234,170.96983337402344
2235,173.3125457763672
2236,174.3235321044922
2237,172.07801818847656
2238,173.1570281982422
2239,174.3235321044922
2240,173.74029541015625
2241,173.0695343017578
2242,173.9832763671875
2243,174.64431762695312
2244,179.7477264404297
2245,181.6724395751953
2246,179.2422637939453
2247,178.92144775390625
2248,180.21435546875
2249,181.58499145507812
2250,181.96409606933594
2251,181.77938842773438
2252,187.9326934814453
2253,193.1624755859375
2254,191.53909301757812
2255,191.60714721679688
2256,195.32049560546875
2257,191.4998779296875
2258,194.75852966308594
2259,196.57322692871094
2260,199.12942504882812
2261,199.83189392089844
2262,199.07090759277344
2263,195.8219757080078
2264,194.66094970703125
2265,189.4705352783203
2266,189.0997772216797
2267,188.54367065429688
2268,191.9388885498047
2269,190.22178649902344
2270,190.3291015625
2271,188.83636474609375
2272,188.524169921875
2273,186.19236755371094
2274,184.865478515625
2275,185.95822143554688
2276,187.74363708496094
2277,191.75352478027344
2278,191.19741821289062
2279,189.62661743164062
2280,191.19741821289062
2281,191.20718383789062
2282,194.55364990234375
2283,192.89505004882812
2284,188.1826629638672
2285,190.6803436279297
2286,189.67543029785156
2287,187.2655487060547
2288,188.95339965820312
2289,188.514404296875
2290,191.37303161621094
2291,194.48533630371094
2292,198.01719665527344
2293,189.8705291748047
2294,194.28048706054688
2295,199.4611358642578
2296,196.74884033203125
2297,194.0365447998047
2298,193.11947631835938
2299,194.58291625976562
2300,195.02195739746094
2301,196.25125122070312
2302,199.0318603515625
2303,197.3927764892578
2304,198.76844787597656
2305,200.8758544921875
2306,200.69046020507812
2307,198.76844787597656
2308,200.2514190673828
2309,201.91978454589844
2310,201.79293823242188
2311,200.19287109375
2312,199.91970825195312
2313,200.7002410888672
2314,197.10980224609375
2315,197.48057556152344
2316,196.3488311767578
2317,197.1781463623047
2318,201.08074951171875
2319,203.3910369873047
2320,200.58383178710938
2321,201.04354858398438
2322,200.681640625
2323,205.05386352539062
2324,205.6994171142578
2325,203.76275634765625
2326,200.0165252685547
2327,201.3271942138672
2328,199.31228637695312
2329,199.97740173339844
2330,201.0729217529297
2331,201.86520385742188
2332,196.53440856933594
2333,197.86463928222656
2334,194.34339904785156
2335,191.4970703125
2336,190.79283142089844
2337,188.7778778076172
2338,188.6213836669922
2339,188.91481018066406
2340,191.027587890625
2341,194.22604370117188
2342,193.35549926757812
2343,192.18173217773438
2344,194.0206298828125
2345,195.5856475830078
2346,191.6144256591797
2347,192.01548767089844
2348,195.5465087890625
2349,197.48318481445312
2350,200.03610229492188
2351,200.48599243164062
2352,199.32205200195312
2353,201.3565673828125
2354,199.8404541015625
2355,200.26104736328125
2356,202.33468627929688
2357,204.8582305908203
2358,203.3812713623047
2359,203.5279998779297
2360,203.9779052734375
2361,203.7822723388672
2362,202.06080627441406
2363,198.74497985839844
2364,200.9457550048828
2365,200.67185974121094
2366,197.70816040039062
2367,199.5861358642578
2368,201.2685089111328
2369,200.13388061523438
2370,197.55166625976562
2371,200.57403564453125
2372,199.1361846923828
2373,196.79849243164062
2374,197.47341918945312
2375,196.798583984375
2376,199.81961059570312
2377,198.0736846923828
2378,194.9251251220703
2379,196.56317138671875
2380,196.90647888183594
2381,196.07272338867188
2382,196.51414489746094
2383,197.3674774169922
2384,196.72010803222656
2385,196.2002410888672
2386,198.19139099121094
2387,199.0054931640625
2388,197.3380584716797
2389,198.0148468017578
2390,197.96580505371094
2391,197.024169921875
2392,198.40719604492188
2393,197.54400634765625
2394,199.47630310058594
2395,206.6463623046875
2396,209.05926513671875
2397,213.03172302246094
2398,220.2998504638672
2399,217.99485778808594
2400,213.77716064453125
2401,212.68841552734375
2402,216.07237243652344
2403,218.36756896972656
2404,213.67909240722656
2405,216.34701538085938
2406,219.92713928222656
2407,217.48480224609375
2408,218.3087158203125
2409,219.57400512695312
2410,212.4333953857422
2411,204.9200439453125
2412,198.32870483398438
2413,200.48658752441406
2414,198.11289978027344
2415,202.92892456054688
2416,202.5071563720703
2417,200.68276977539062
2418,203.98826599121094
2419,202.72291564941406
2420,207.98031616210938
2421,208.5296173095703
2422,211.07981872558594
2423,208.6178741455078
2424,211.3348388671875
2425,209.47122192382812
2426,216.16062927246094
2427,216.22927856445312
2428,214.5520477294922
2429,213.10037231445312
2430,214.62069702148438
2431,215.86639404296875
2432,209.26522827148438
2433,208.91213989257812
2434,207.87240600585938
2435,203.9195556640625
2436,204.48846435546875
2437,204.3217315673828
2438,204.9200439453125
2439,207.5585479736328
2440,212.67861938476562
2441,213.44366455078125
2442,215.20924377441406
2443,215.24844360351562
2444,219.68190002441406
2445,217.327880859375
2446,216.53335571289062
2447,216.8962860107422
2448,214.25074768066406
2449,215.39242553710938
2450,216.84906005859375
2451,217.4001922607422
2452,214.44760131835938
2453,214.15232849121094
2454,212.71542358398438
2455,215.68768310546875
2456,213.99485778808594
2457,214.14248657226562
2458,214.61489868164062
2459,213.42404174804688
2460,217.76434326171875
2461,219.3686065673828
2462,219.5457763671875
2463,223.15777587890625
2464,222.54757690429688
2465,222.08499145507812
2466,218.5911102294922
2467,217.76434326171875
2468,215.77626037597656
2469,216.24867248535156
2470,215.43179321289062
2471,218.9453887939453
2472,218.23678588867188
2473,217.94151306152344
2474,214.31964111328125
2475,215.52037048339844
2476,216.6128387451172
2477,220.68743896484375
2478,233.47219848632812
2479,232.64549255371094
2480,234.3579864501953
2481,237.88140869140625
2482,233.70843505859375
2483,231.39553833007812
2484,228.27561950683594
2485,224.87030029296875
2486,225.31317138671875
2487,226.98631286621094
2488,227.2815704345703
2489,230.7361297607422
2490,234.99771118164062
2491,238.57037353515625
2492,236.8184814453125
2493,237.1432647705078
2494,238.04872131347656
2495,237.9306182861328
2496,236.23779296875
2497,237.08421325683594
2498,234.318603515625
2499,235.15518188476562
2500,233.97413635253906
2501,232.9604034423828
2502,234.01351928710938
2503,230.97232055664062
2504,229.38775634765625
2505,230.7361297607422
2506,228.09458923339844
2507,217.99632263183594
2508,217.02896118164062
2509,219.06240844726562
2510,218.55899047851562
2511,220.5134735107422
2512,222.77398681640625
2513,219.5263671875
2514,217.83836364746094
2515,218.11477661132812
2516,218.29244995117188
2517,221.54010009765625
2518,221.62890625
2519,219.85211181640625
2520,218.8551025390625
2521,214.03794860839844
2522,214.45252990722656
2523,216.89073181152344
2524,221.1551055908203
2525,221.59933471679688
2526,222.55682373046875
2527,226.8310546875
2528,225.3503875732422
2529,226.3769989013672
2530,225.7452392578125
2531,223.58343505859375
2532,223.83023071289062
2533,223.31690979003906
2534,225.58729553222656
2535,223.56369018554688
2536,220.94781494140625
2537,224.0078887939453
2538,226.44607543945312
2539,225.7057342529297
2540,223.08987426757812
2541,224.0967559814453
2542,222.79373168945312
2543,220.74050903320312
2544,223.22805786132812
2545,223.06027221679688
2546,224.28431701660156
2547,223.5143280029297
2548,221.3722686767578
2549,214.99545288085938
2550,213.4456787109375
2551,212.63624572753906
2552,212.9027557373047
2553,209.65512084960938
2554,211.88601684570312
2555,206.09161376953125
2556,203.76199340820312
2557,205.78558349609375
2558,202.6366729736328
2559,203.29803466796875
2560,198.18475341796875
2561,198.16502380371094
2562,198.51051330566406
2563,195.5491485595703
2564,200.27743530273438
2565,202.80450439453125
2566,201.04347229003906
2567,204.16976928710938
2568,202.87374877929688
2569,201.61727905273438
2570,206.6332244873047
2571,205.485595703125
2572,203.39808654785156
2573,202.42852783203125
2574,198.31288146972656
2575,197.36314392089844
2576,197.38290405273438
2577,200.49932861328125
2578,187.62803649902344
2579,179.25823974609375
2580,177.63572692871094
2581,172.95614624023438
2582,187.65771484375
2583,179.77268981933594
2584,182.39442443847656
2585,184.54129028320312
2586,184.7688446044922
2587,182.99795532226562
2588,184.4918212890625
2589,180.7917022705078
2590,185.47128295898438
2591,188.22164916992188
2592,191.99102783203125
2593,192.0503692626953
2594,192.8616485595703
2595,193.99937438964844
2596,192.78248596191406
2597,193.97959899902344
2598,198.3425750732422
2599,196.81900024414062
2600,194.67213439941406
2601,195.31520080566406
2602,199.03509521484375
2603,198.6690673828125
2604,205.65377807617188
2605,206.4056854248047
2606,204.57540893554688
2607,205.91102600097656
2608,207.61268615722656
2609,206.7420654296875
2610,206.8508758544922
2611,201.04347229003906
2612,201.03355407714844
2613,200.40040588378906
2614,205.485595703125
2615,203.31895446777344
2616,203.9224395751953
2617,202.88363647460938
2618,203.51681518554688
2619,206.80140686035156
2620,206.2177276611328
2621,206.30674743652344
2622,209.6407928466797
2623,211.0852508544922
2624,212.2229766845703
2625,211.3523712158203
2626,210.51144409179688
2627,206.66290283203125
2628,209.0994415283203
2629,206.89703369140625
2630,207.98831176757812
2631,207.5518035888672
2632,210.0915069580078
2633,212.77012634277344
2634,210.28993225097656
2635,213.7026824951172
2636,213.7720947265625
2637,214.07965087890625
2638,216.2820587158203
2639,219.27810668945312
2640,221.31187438964844
2641,217.98843383789062
2642,219.49636840820312
2643,221.87734985351562
2644,223.0182342529297
2645,219.94281005859375
2646,221.42098999023438
2647,217.0856475830078
2648,219.26820373535156
2649,222.14520263671875
2650,220.56781005859375
2651,219.67494201660156
2652,221.50038146972656
2653,224.88333129882812
2654,221.7781524658203
2655,222.60157775878906
2656,222.3436279296875
2657,220.92495727539062
2658,219.80392456054688
2659,217.651123046875
2660,213.216552734375
2661,217.98843383789062
2662,219.09954833984375
2663,218.8118438720703
2664,218.09754943847656
2665,218.57374572753906
2666,218.52415466308594
2667,225.01231384277344
2668,229.3873748779297
2669,226.43096923828125
2670,225.32977294921875
2671,226.1531982421875
2672,224.41708374023438
2673,223.6234130859375
2674,224.17897033691406
2675,232.96876525878906
2676,230.51832580566406
2677,232.423095703125
2678,234.0699462890625
2679,234.34771728515625
2680,233.30604553222656
2681,232.04611206054688
2682,231.81793212890625
2683,234.7147979736328
2684,235.8854522705078
2685,236.3616485595703
2686,234.97274780273438
2687,234.55604553222656
2688,238.8914337158203
2689,236.45091247558594
2690,237.4529266357422
2691,237.06192016601562
2692,237.66880798339844
2693,243.58839416503906
2694,241.73788452148438
2695,243.14068603515625
2696,242.59349060058594
2697,240.36495971679688
2698,238.06675720214844
2699,240.1062774658203
2700,240.3848419189453
2701,240.72311401367188
2702,241.25039672851562
2703,242.7725830078125
2704,244.5733184814453
2705,245.54830932617188
2706,242.911865234375
2707,245.4587860107422
2708,243.8769073486328
2709,236.5744171142578
2710,243.1605987548828
2711,246.63275146484375
2712,249.05032348632812
2713,243.80726623535156
2714,242.1656951904297
2715,246.89141845703125
2716,245.7274169921875
2717,242.09605407714844
2718,245.16030883789062
2719,248.15492248535156
2720,249.02047729492188
2721,247.6873321533203
2722,245.57815551757812
2723,243.5983428955078
2724,244.97128295898438
2725,244.18531799316406
2726,239.9669952392578
2727,243.42919921875
2728,239.121337890625
2729,240.37490844726562
2730,242.78253173828125
2731,242.99147033691406
2732,242.39451599121094
2733,235.57952880859375
2734,236.26600646972656
2735,231.57012939453125
2736,232.27651977539062
2737,232.2366943359375
2738,227.9387969970703
2739,234.3956298828125
2740,238.67364501953125
2741,243.8769073486328
2742,246.0358123779297
2743,247.47840881347656
2744,244.36439514160156
2745,243.9167022705078
2746,248.35389709472656
2747,250.53271484375
2748,249.4880828857422
2749,249.58755493164062
2750,250.1049041748047
2751,253.50741577148438
2752,256.4821472167969
2753,252.55233764648438
2754,250.6421356201172
2755,249.4562530517578
2756,246.8009796142578
2757,248.26837158203125
2758,250.34466552734375
2759,253.12973022460938
2760,251.63238525390625
2761,252.2612762451172
2762,250.9735565185547
2763,249.43629455566406
2764,247.58956909179688
2765,245.722900390625
2766,248.33824157714844
2767,252.28123474121094
2768,255.62527465820312
2769,255.02635192871094
2770,257.8113708496094
2771,259.7679138183594
2772,261.03564453125
2773,260.88592529296875
2774,262.72265625
2775,265.0385437011719
2776,265.2881164550781
2777,262.1137390136719
2778,267.3144836425781
2779,269.3109436035156
2780,264.33978271484375
2781,263.5112609863281
2782,264.25994873046875
2783,262.83245849609375
2784,262.90234375
2785,259.1889343261719
2786,261.7144470214844
2787,262.3133850097656
2788,260.0574035644531
2789,255.375732421875
2790,264.5494079589844
2791,266.4060974121094
2792,265.6873779296875
2793,264.47955322265625
2794,259.07916259765625
2795,262.4930725097656
2796,262.57293701171875
2797,263.521240234375
2798,264.1301574707031
2799,264.14013671875
2800,260.0274353027344
2801,262.8623962402344
2802,264.11016845703125
2803,265.5176696777344
2804,260.9458312988281
2805,263.341552734375
2806,258.7796630859375
2807,261.2951965332031
2808,256.3040771484375
2809,250.4445037841797
2810,253.16964721679688
2811,252.9101104736328
2812,252.40103149414062
2813,246.97068786621094
2814,246.15213012695312
2815,248.47799682617188
2816,250.0500030517578
2817,246.02000427246094
2818,247.6300048828125
2819,242.22000122070312
2820,247.4499969482422
2821,248.77999877929688
2822,251.82000732421875
2823,247.44000244140625
2824,243.10000610351562
2825,239.61000061035156
2826,248.0
2827,249.55999755859375
2828,251.2899932861328
2829,252.36000061035156
2830,252.91000366210938
2831,260.4700012207031
2832,261.9599914550781
2833,261.29998779296875
2834,265.07000732421875
2835,268.7200012207031
2836,269.3900146484375
2837,269.95001220703125
2838,275.7799987792969
2839,277.3500061035156
2840,274.510009765625
2841,276.4800109863281
2842,275.5199890136719
2843,276.6499938964844
2844,277.1400146484375
2845,273.9100036621094
2846,272.0799865722656
2847,277.9700012207031
2848,279.2799987792969
2849,277.8800048828125
2850,282.55999755859375
2851,286.79998779296875
2852,282.260009765625
2853,284.1700134277344
2854,285.3299865722656
2855,282.57000732421875
2856,282.6700134277344
2857,284.45001220703125
2858,277.6000061035156
2859,275.9700012207031
2860,273.0
2861,279.8699951171875
2862,282.489990234375
2863,285.1199951171875
2864,290.510009765625
2865,290.3699951171875
2866,292.0299987792969
